<?xml version="1.0" encoding="utf-8"?>
<COLLADA version="1.5.0" xmlns="http://www.collada.org/2008/03/COLLADASchema">
	<asset>
		<contributor>
			<authoring_tool>BrawlBox</authoring_tool>
		</contributor>
		<created>2022-11-10T17:32:03Z</created>
		<modified>2022-11-10T17:32:03Z</modified>
		<unit meter="0.01" name="centimeter" />
		<up_axis>Y_UP</up_axis>
	</asset>
	<library_images>
		<image id="enm_pawn_elv_body_dif_SD-image" name="enm_pawn_elv_body_dif_SD">
			<init_from>
				<ref>enm_pawn_elv_body_dif_SD.png</ref>
			</init_from>
		</image>
		<image id="enm_pawn_elv_body_spc_SD-image" name="enm_pawn_elv_body_spc_SD">
			<init_from>
				<ref>enm_pawn_elv_body_spc_SD.png</ref>
			</init_from>
		</image>
		<image id="enm_pawn_elv_eye_add_SD-image" name="enm_pawn_elv_eye_add_SD">
			<init_from>
				<ref>enm_pawn_elv_eye_add_SD.png</ref>
			</init_from>
		</image>
		<image id="enm_pawn_elv_head_dif_SD-image" name="enm_pawn_elv_head_dif_SD">
			<init_from>
				<ref>enm_pawn_elv_head_dif_SD.png</ref>
			</init_from>
		</image>
		<image id="enm_pawn_elv_head_spc_SD-image" name="enm_pawn_elv_head_spc_SD">
			<init_from>
				<ref>enm_pawn_elv_head_spc_SD.png</ref>
			</init_from>
		</image>
		<image id="enm_pawn_elvcos_ref_SD-image" name="enm_pawn_elvcos_ref_SD">
			<init_from>
				<ref>enm_pawn_elvcos_ref_SD.png</ref>
			</init_from>
		</image>
		<image id="enm_pawn_elvcos_spr_SD-image" name="enm_pawn_elvcos_spr_SD">
			<init_from>
				<ref>enm_pawn_elvcos_spr_SD.png</ref>
			</init_from>
		</image>
	</library_images>
	<library_materials>
		<material id="enm_pawn_elv_body__enMetal__">
			<instance_effect url="#enm_pawn_elv_body__enMetal__-fx" />
		</material>
		<material id="enm_porn_eye__enAdd__">
			<instance_effect url="#enm_porn_eye__enAdd__-fx" />
		</material>
		<material id="enm_porn_head__enLuminouseO__">
			<instance_effect url="#enm_porn_head__enLuminouseO__-fx" />
		</material>
		<material id="enm_porn_head__enMetal__">
			<instance_effect url="#enm_porn_head__enMetal__-fx" />
		</material>
	</library_materials>
	<library_effects>
		<effect id="enm_pawn_elv_body__enMetal__-fx" name="enm_pawn_elv_body__enMetal__">
			<profile_COMMON>
				<newparam sid="enm_pawn_elv_body_dif_SD-surface">
					<surface type="2D">
						<init_from>
							<ref>enm_pawn_elv_body_dif_SD-image</ref>
						</init_from>
					</surface>
				</newparam>
				<newparam sid="enm_pawn_elv_body_dif_SD-sampler">
					<sampler2D>
						<source>enm_pawn_elv_body_dif_SD-surface</source>
						<instance_image url="#enm_pawn_elv_body_dif_SD-image" />
						<wrap_s>WRAP</wrap_s>
						<wrap_t>WRAP</wrap_t>
						<minfilter>LINEAR_MIPMAP_LINEAR</minfilter>
						<magfilter>LINEAR</magfilter>
					</sampler2D>
				</newparam>
				<technique sid="COMMON">
					<phong>
						<diffuse>
							<texture texture="enm_pawn_elv_body_dif_SD-sampler" texcoord="TEXCOORD0" />
						</diffuse>
					</phong>
				</technique>
			</profile_COMMON>
		</effect>
		<effect id="enm_porn_eye__enAdd__-fx" name="enm_porn_eye__enAdd__">
			<profile_COMMON>
				<newparam sid="enm_pawn_elv_eye_add_SD-surface">
					<surface type="2D">
						<init_from>
							<ref>enm_pawn_elv_eye_add_SD-image</ref>
						</init_from>
					</surface>
				</newparam>
				<newparam sid="enm_pawn_elv_eye_add_SD-sampler">
					<sampler2D>
						<source>enm_pawn_elv_eye_add_SD-surface</source>
						<instance_image url="#enm_pawn_elv_eye_add_SD-image" />
						<wrap_s>WRAP</wrap_s>
						<wrap_t>WRAP</wrap_t>
						<minfilter>LINEAR_MIPMAP_LINEAR</minfilter>
						<magfilter>LINEAR</magfilter>
					</sampler2D>
				</newparam>
				<technique sid="COMMON">
					<phong>
						<diffuse>
							<texture texture="enm_pawn_elv_eye_add_SD-sampler" texcoord="TEXCOORD0" />
						</diffuse>
					</phong>
				</technique>
			</profile_COMMON>
		</effect>
		<effect id="enm_porn_head__enLuminouseO__-fx" name="enm_porn_head__enLuminouseO__">
			<profile_COMMON>
				<newparam sid="enm_pawn_elv_head_dif_SD-surface">
					<surface type="2D">
						<init_from>
							<ref>enm_pawn_elv_head_dif_SD-image</ref>
						</init_from>
					</surface>
				</newparam>
				<newparam sid="enm_pawn_elv_head_dif_SD-sampler">
					<sampler2D>
						<source>enm_pawn_elv_head_dif_SD-surface</source>
						<instance_image url="#enm_pawn_elv_head_dif_SD-image" />
						<wrap_s>WRAP</wrap_s>
						<wrap_t>WRAP</wrap_t>
						<minfilter>LINEAR_MIPMAP_LINEAR</minfilter>
						<magfilter>LINEAR</magfilter>
					</sampler2D>
				</newparam>
				<technique sid="COMMON">
					<phong>
						<diffuse>
							<texture texture="enm_pawn_elv_head_dif_SD-sampler" texcoord="TEXCOORD0" />
						</diffuse>
					</phong>
				</technique>
			</profile_COMMON>
		</effect>
		<effect id="enm_porn_head__enMetal__-fx" name="enm_porn_head__enMetal__">
			<profile_COMMON>
				<newparam sid="enm_pawn_elv_head_dif_SD-surface">
					<surface type="2D">
						<init_from>
							<ref>enm_pawn_elv_head_dif_SD-image</ref>
						</init_from>
					</surface>
				</newparam>
				<newparam sid="enm_pawn_elv_head_dif_SD-sampler">
					<sampler2D>
						<source>enm_pawn_elv_head_dif_SD-surface</source>
						<instance_image url="#enm_pawn_elv_head_dif_SD-image" />
						<wrap_s>WRAP</wrap_s>
						<wrap_t>WRAP</wrap_t>
						<minfilter>LINEAR_MIPMAP_LINEAR</minfilter>
						<magfilter>LINEAR</magfilter>
					</sampler2D>
				</newparam>
				<technique sid="COMMON">
					<phong>
						<diffuse>
							<texture texture="enm_pawn_elv_head_dif_SD-sampler" texcoord="TEXCOORD0" />
						</diffuse>
					</phong>
				</technique>
			</profile_COMMON>
		</effect>
	</library_effects>
	<library_geometries>
		<geometry id="polygon0" name="polygon0">
			<mesh>
				<source id="polygon0_Positions">
					<float_array id="polygon0_PosArr" count="2421">6.256348 12.62923 1.231445 6.523682 12.6285 3.198352E-08 6.125488 11.12362 0.02441408 6.257813 12.62923 -1.226807 5.304688 11.12362 -3.03833 5.673584 12.3724 -3.275635 3.062744 11.12362 -5.280273 3.275635 12.3724 -5.673584 0 11.12362 -6.10083 0 12.3724 -6.55127 -3.275635 12.3724 -5.673584 -3.058105 13.71712 -5.296875 -5.296875 13.71712 -3.058105 -3.788086 15.8453 -2.39502 -5.36792 14.53182 -0.6296386 -4.72168 15.43002 -0.007812434 -5.366211 14.53133 0.6345215 -4.426514 14.96444 2.668457 -5.625488 14.08407 1.231445 -5.296875 13.71712 3.058105 -6.256348 12.62923 1.231445 -5.673584 12.3724 3.275635 -5.304688 11.12362 3.087158 -3.275635 12.3724 5.673584 -3.062744 11.12362 5.329102 0 12.3724 6.55127 -1.200195 11.12362 5.828125 0 11.12362 6.149902 0 13.3374 3.917969 2.769775 13.3374 2.770996 1.982178 10.771 4.785645 3.662598 10.771 3.662598 2.168701 9.115723 3.858154 3.858154 9.115723 2.168701 1.997314 7.564941 1.997314 3.648193 8.100098 -2.311794E-08 1.87207 7.039551 -3.602264E-08 1.997314 7.564941 -1.997314 0 7.039551 -1.87207 0 8.100098 -3.648193 -1.997314 7.564941 -1.997314 -2.168701 9.115723 -3.858154 -3.858154 9.115723 -2.168701 -3.662598 10.771 -3.662598 -4.785645 10.771 -1.982178 -2.770996 13.3374 -2.769775 -3.917969 13.3374 0.0009766031 2.714111 14.58627 4.843018 0 14.4388 5.69043 0 14.61727 5.075928 -2.714111 14.58627 4.843018 -2.46582 14.74081 4.324951 -4.021729 15.05746 2.397461 -4.289795 15.44735 0.02514655 -3.44165 15.79501 -2.09082 -2.071289 16.12191 -3.985107 -1.881836 16.0267 -3.500244 0 16.2181 -4.537354 0 16.10702 -3.989502 1.881836 16.0267 -3.500244 7.467559 8.979048 0.4536133 6.930205 8.979048 0.4536133 7.467559 9.433638 0.6418457 6.930205 9.433638 0.6418457 7.467559 9.916792 0.4338379 6.930205 9.916792 0.4338379 7.467559 9.916792 -0.4360352 6.930205 9.916792 -0.4360352 7.467559 9.433638 -0.644043 6.930205 9.433638 -0.644043 7.467559 8.979048 -0.4558105 6.930205 8.979048 -0.4558105 7.467559 8.790815 -0.0009765773 6.930205 8.790815 -0.0009765773 5.5 12.6307 -1.226807 5.627197 14.08456 -1.226807 5.090576 13.96981 -1.226807 5.36792 14.53182 -0.6296386 4.945557 14.39169 0.00244146 5.366211 14.53133 0.6345215 5.090576 13.96981 1.231445 5.625488 14.08407 1.231445 5.5 12.6307 1.231445 5.225041 12.33878 -9.450277E-05 4.482366 12.64639 -9.449902E-05 5.225041 12.62589 0.8187532 4.461858 13.38931 0.8287629 5.225041 13.38931 1.153958 5.225041 14.15274 0.8187532 5.988469 13.38931 0.8287629 5.967961 14.13223 -9.448095E-05 6.275823 13.38931 -9.448999E-05 5.988469 13.38931 -0.8287078 5.967961 12.64639 -9.449902E-05 5.225041 12.62589 -0.8287078 1.624268 10.3348 5.159912 1.200195 11.12362 5.828125 2.797607 10.3348 4.845459 3.062744 11.12362 5.329102 5.304688 11.12362 3.087158 3.275635 12.3724 5.673584 5.673584 12.3724 3.275635 3.058105 13.71712 5.296875 5.296875 13.71712 3.058105 4.426514 14.96444 2.668457 -1.87207 7.039551 -3.602264E-08 -3.648193 8.100098 -2.311794E-08 -1.997314 7.564941 1.997314 -3.858154 9.115723 2.168701 -2.168701 9.115723 3.858154 -3.662598 10.771 3.662598 -1.982178 10.771 4.785645 -2.769775 13.3374 2.770996 7.67645 9.438771 -0.5170837 8.066342 9.437306 -0.3615661 7.67645 9.760304 -0.4182068 8.066342 9.660451 -0.2922302 7.67645 9.948781 0.001226859 8.066342 9.798146 0.001226857 7.67645 9.760304 0.4204163 8.066342 9.660451 0.2944397 7.67645 9.438771 0.5195374 8.066342 9.437306 0.3637757 4.785645 10.771 1.982178 3.917969 13.3374 0.0009766031 5.179932 10.771 9.381453E-09 4.785645 10.771 -1.982178 4.694824 9.66748 -4.046086E-09 3.858154 9.115723 -2.168701 0.7949219 9.76416 5.282959 0.9545898 10.87427 4.787109 0.8955078 8.89502 4.799072 1.52832 8.990479 2.886963 0.9572754 7.476318 3.262451 0.9438477 6.818115 1.330811 -0.9572754 7.476318 3.262451 -0.9438477 6.818115 1.330811 -1.52832 8.990479 2.886963 -1.488037 8.329346 -0.5961914 -6.727475 9.438773 -0.5170837 -6.337583 9.437308 -0.3615661 -6.727475 9.760306 -0.4182068 -6.337583 9.660453 -0.2922302 -6.727475 9.948783 0.001226859 -6.337583 9.798148 0.001226857 -6.727475 9.760306 0.4204163 -6.337583 9.660453 0.2944397 -6.727475 9.438773 0.5195374 -6.337583 9.437308 0.3637757 3.662598 10.771 -3.662598 2.770996 13.3374 -2.769775 1.982178 10.771 -4.785645 0 13.3374 -3.917969 0 10.771 -5.179932 -1.982178 10.771 -4.785645 0 9.66748 -4.694824 -5.627197 14.08456 -1.226807 -6.257813 12.62923 -1.226807 -5.673584 12.3724 -3.275635 -5.304688 11.12362 -3.03833 -3.062744 11.12362 -5.280273 -4.845459 10.3348 -2.797607 -2.797607 10.3348 -4.845459 2.46582 14.74081 4.324951 0 13.52889 4.575195 3.570313 14.08163 1.43457 0 14.83675 1.543457 0 15.13143 -0.1105956 -3.570313 14.08163 1.43457 -2.777344 14.63827 -2.308105 -4.482366 14.13223 -9.448095E-05 -4.461858 13.38931 0.8287629 -5.225041 14.15274 0.8187532 -5.225041 13.38931 1.153958 -5.988469 13.38931 0.8287629 -5.225041 12.62589 0.8187532 -5.967961 12.64639 -9.449902E-05 -5.225041 12.33878 -9.450277E-05 -5.225041 12.62589 -0.8287078 -4.482366 12.64639 -9.449902E-05 -4.174504 13.38931 -9.448999E-05 -4.461858 13.38931 -0.8287078 -5.225041 14.15274 -0.8287078 -5.225041 13.38931 -1.134128 2.168701 9.115723 -3.858154 -2.797607 10.3348 4.845459 -4.845459 10.3348 2.797607 -6.125488 11.12362 0.02441408 -5.594971 10.3348 4.073844E-09 4.461858 13.38931 -0.8287078 4.174504 13.38931 -9.448999E-05 4.482366 14.13223 -9.448095E-05 1.258301 10.82235 4.720703 0 10.82235 4.720703 -1.258301 10.82235 4.720703 0 11.97958 3.655273 -5.5 12.6307 -1.226807 -5.090576 13.96981 -1.226807 -5.090576 13.96981 1.231445 -4.945557 14.39169 0.00244146 -8.066342 9.437308 -0.3615661 -7.67645 9.760306 -0.4182068 -8.066342 9.660453 -0.2922302 -7.67645 9.948783 0.001226859 -8.066342 9.798148 0.001226857 -7.67645 9.760306 0.4204163 -8.066342 9.660453 0.2944397 -7.67645 9.438773 0.5195374 -4.694824 9.66748 -4.046086E-09 -4.785645 10.771 1.982178 6.337583 9.437306 -0.3615661 6.727475 9.760304 -0.4182068 6.337583 9.660451 -0.2922302 6.727475 9.948781 0.001226859 6.337583 9.798146 0.001226857 6.727475 9.760304 0.4204163 6.337583 9.660451 0.2944397 6.727475 9.438771 0.5195374 0 14.93636 -3.691406 2.777344 14.63827 -2.308105 4.289795 15.44735 0.02514655 -6.523682 12.6285 3.198352E-08 -5.5 12.6307 1.231445 0 10.3348 -5.594971 -5.179932 10.771 9.381453E-09 -6.275823 13.38931 -9.448999E-05 -5.988469 13.38931 -0.8287078 -5.967961 14.13223 -9.448095E-05 -5.225041 14.43985 -9.44772E-05 5.225041 13.38931 -1.134128 5.225041 14.15274 -0.8287078 5.225041 14.43985 -9.44772E-05 4.845459 10.3348 2.797607 4.324219 11.97958 -1.158691 0 11.97958 -4.220703 -4.324219 11.97958 -1.158691 -8.066342 8.530082 0.4375061 -8.066342 8.530082 -0.4350525 -8.066342 9.437308 0.3637757 -5.21967 12.67105 0.4361848 -6.071233 12.67276 0.4361848 -5.923039 13.67056 0.4361848 -6.810735 13.09781 0.4361848 -6.308782 13.87198 0.4361848 -6.621282 14.35904 0.4361848 0 13.71712 -6.116211 3.058105 13.71712 -5.296875 2.071289 16.12191 -3.985107 3.788086 15.8453 -2.39502 0 13.71712 6.116211 -3.058105 13.71712 5.296875 6.727475 8.53008 -0.6225525 6.727475 8.53008 0.624762 6.727475 9.438771 -0.5170837 6.337583 8.53008 0.4375061 6.337583 8.53008 -0.4350525 6.337583 9.437306 0.3637757 4.72168 15.43002 -0.007812434 5.296875 13.71712 -3.058105 5.923039 13.67056 0.4361848 6.308782 13.87198 0.4361848 6.810735 13.09781 0.4361848 6.621282 14.35904 0.4361848 7.423772 14.00943 0.4361848 7.42426 14.46256 0.4361848 -0.7949219 9.76416 5.282959 -0.8955078 8.89502 4.799072 -0.9545898 10.87427 4.787109 -7.423772 14.00943 -0.4371062 -7.423772 14.00943 0.4361848 -6.810735 13.09781 -0.4371062 -6.071233 12.67276 -0.4371062 6.621282 14.35904 -0.4371062 6.308782 13.87198 -0.4371062 6.810735 13.09781 -0.4371062 5.923039 13.67056 -0.4371062 6.071233 12.67276 -0.4371062 5.21967 12.67105 -0.4371062 0 9.66748 4.694824 0 7.459717 3.095215 0 10.771 5.179932 -7.42426 14.46256 -0.4371062 -6.621282 14.35904 -0.4371062 -6.308782 13.87198 -0.4371062 -5.923039 13.67056 -0.4371062 -7.67645 8.530082 -0.6225525 -7.67645 8.530082 0.624762 -7.67645 9.438773 -0.5170837 5.594971 10.3348 4.073844E-09 0 6.667236 -4.055295E-08 7.696469 8.963185 -0.0014587 6.710385 8.963185 -0.0014587 7.696469 9.437795 0.4731507 6.710385 9.437795 0.4731507 6.710385 9.908254 0.002691702 6.710385 9.433644 -0.4719177 7.696469 9.433644 -0.4719177 7.696469 9.908254 0.002691702 1.488037 8.329346 -0.5961914 0.9162598 6.713623 0.3415527 -0.9162598 6.713623 0.3415527 5.21967 12.67105 0.4361848 6.071233 12.67276 0.4361848 -6.710385 9.433646 -0.4719177 -7.696469 9.433646 -0.4719177 -6.710385 8.963187 -0.0014587 -7.696469 8.963187 -0.0014587 -7.696469 9.437797 0.4731507 -6.930206 8.979048 0.4536133 -6.930206 9.433638 0.6418457 -6.930206 8.790815 -0.0009765773 -6.930206 9.433638 -0.644043 -6.930206 8.979048 -0.4558105 4.845459 10.3348 -2.797607 2.797607 10.3348 -4.845459 0 10.80542 5.023926 7.67645 8.53008 -0.6225525 7.67645 8.53008 0.624762 8.066342 8.53008 -0.4350525 8.066342 8.53008 0.4375061 -7.42426 14.46256 0.4361848 -1.624268 10.3348 5.159912 -5.21967 12.67105 -0.4371062 -7.46756 9.433638 0.6418457 -7.46756 9.916792 0.4338379 -6.930206 9.916792 0.4338379 -6.930206 9.916792 -0.4360352 -7.46756 9.916792 -0.4360352 -7.46756 9.433638 -0.644043 -7.46756 8.979048 -0.4558105 -7.46756 8.790815 -0.0009765773 -7.46756 8.979048 0.4536133 4.021729 15.05746 2.397461 -6.727475 8.530082 0.624762 -6.337583 8.530082 0.4375061 3.44165 15.79501 -2.09082 -6.337583 8.530082 -0.4350525 -6.727475 8.530082 -0.6225525 7.42426 14.46256 -0.4371062 7.423772 14.00943 -0.4371062 -6.710385 9.908256 0.002691702 -7.696469 9.908256 0.002691702 -6.710385 9.437797 0.4731507 -1.565925 5.389978 0.05857989 -2.683601 6.02157 -0.7080216 -3.010749 5.389978 0.05857989 -3.153816 6.268396 0.06834553 -2.900398 6.268396 0.6804061 -2.828864 7.081628 0.609117 -2.288337 7.060388 0.7912459 -2.996833 7.7474 0.7775741 -2.288337 7.7474 1.071031 -2.288337 8.455895 0.7775741 -1.579841 7.7474 0.7775741 -1.579841 8.455896 0.06907798 -1.286384 7.7474 0.06907797 -1.579841 7.7474 -0.6394181 -1.551765 7.060388 0.06883382 -1.867439 7.081628 -0.5764298 -1.422858 6.268396 0.06834553 -1.893073 6.02157 -0.7080216 3.964814 1.192961 -0.6859622 3.277314 1.192961 -0.6859622 3.964814 0.8809497 0.06769989 3.277314 0.8809497 0.06769989 3.964814 1.192961 0.821362 3.277314 1.192961 0.821362 3.964814 1.946624 1.133374 3.277314 1.946624 1.133374 3.964814 2.700286 0.821362 3.277314 2.700286 0.821362 3.964814 3.012542 0.06769992 3.277314 3.012542 0.06769992 3.964814 2.700286 -0.6859622 3.277314 2.700286 -0.6859622 3.964814 1.946624 -0.9979739 3.277314 1.946624 -0.9979739 -0.6178899 1.192961 -0.6859622 -1.30539 1.192961 -0.6859622 -0.6178899 0.8809497 0.06769989 -1.30539 0.8809497 0.06769989 -0.6178899 1.192961 0.821362 -1.30539 1.192961 0.821362 -0.6178899 1.946624 1.133374 -1.30539 1.946624 1.133374 -0.6178899 2.700286 0.821362 -1.30539 2.700286 0.821362 -0.6178899 3.012542 0.06769992 -1.30539 3.012542 0.06769992 -0.6178899 2.700286 -0.6859622 -1.30539 2.700286 -0.6859622 -0.6178899 1.946624 -0.9979739 -1.30539 1.946624 -0.9979739 2.954353 5.045433 0.06428197 3.159431 3.932395 0.06379367 2.774177 5.045433 0.5550046 2.920905 3.932395 0.701489 2.288337 5.045433 0.7300534 2.288337 3.932395 0.935864 1.802497 5.045433 0.5550046 1.655769 3.932395 0.701489 1.622321 5.045433 0.06428197 1.417243 3.932395 0.06379367 1.823249 4.567161 -0.5758548 1.79029 3.932395 -0.7157474 2.753425 4.567161 -0.5758548 2.786384 3.932395 -0.7157474 2.688728 2.837913 -0.5914798 2.97364 2.837913 0.06379366 3.229462 1.341887 0.416821 1.352997 1.341887 0.416821 3.229462 1.946624 0.7659421 1.352997 1.946624 0.7659421 3.229462 2.55136 0.416821 1.352997 2.55136 0.416821 3.229462 2.55136 -0.2814212 1.352997 2.55136 -0.2814212 3.229462 1.946624 -0.6305423 1.352997 1.946624 -0.6305423 3.229462 1.341887 -0.2814212 1.352997 1.341887 -0.2814212 1.286384 7.7474 0.06907797 1.579841 8.455896 0.06907798 1.579841 7.7474 0.7775741 2.288337 8.455895 0.7775741 2.288337 7.7474 1.071031 2.996833 7.7474 0.7775741 2.288337 7.060388 0.7912459 2.828864 7.081628 0.609117 2.900398 6.268396 0.6804061 3.153816 6.268396 0.06834553 3.010749 5.389978 0.05857989 2.683601 6.02157 -0.7080216 1.565925 5.389978 0.05857989 1.893073 6.02157 -0.7080216 -2.2883 2.834319 -0.4833255 -2.2883 1.958098 -0.5494876 -1.811005 2.834319 -0.2079349 -1.753876 1.958098 -0.2408939 -1.811249 2.834319 0.3430905 -1.753876 1.958098 0.3762937 -2.2883 2.834319 0.6187253 -2.2883 1.958098 0.6848874 -2.765595 2.834319 0.3430905 -2.822968 1.958098 0.3762937 -2.765595 2.834319 -0.2079349 -2.822968 1.958098 -0.2408939 2.595222 5.666345 -0.21559 2.595222 5.259363 -0.4243303 2.827155 5.259363 -0.3115373 2.595222 4.9703 -0.3303361 2.827155 5.036462 -0.2390275 2.595222 4.791589 -0.08424238 2.827155 4.898767 -0.04957441 2.595222 4.9703 0.4655623 2.827155 5.036462 0.3744979 2.595222 5.259363 0.5595564 2.827155 5.259363 0.4467635 2.595222 5.55404 0.4655623 2.827155 5.55404 0.3058943 0.5011907 0.9956958 -2.174243 0.8647161 0.9956959 -3.440601 1.293427 2.374358 -1.120777 1.357148 1.751067 -2.930591 2.294404 1.940276 -3.002613 2.294404 0.9956959 -3.675464 3.231415 1.751067 -2.930591 3.724091 0.9956959 -3.440601 3.29538 2.374358 -1.120777 4.087372 0.9956958 -2.174243 3.88498 1.528899 -1.037036 4.147919 0.9956958 -0.6656985 2.288337 8.455896 -0.6394181 1.579841 7.7474 -0.6394181 1.551765 7.060388 0.06883382 1.74781 7.081628 0.609117 2.288337 6.268396 0.9072127 2.799079 5.389978 0.5693221 -0.4408879 0.9956958 -0.6656985 -0.7035832 1.528899 -1.037036 -0.5011907 0.9956958 -2.174243 -1.293427 2.374358 -1.120777 -0.8647161 0.9956959 -3.440601 -1.357148 1.751067 -2.930591 -2.294404 0.9956959 -3.675464 -2.294404 1.940276 -3.002613 -3.231415 1.751067 -2.930591 -3.29538 2.374358 -1.120777 -3.724091 0.9956959 -3.440601 -4.087372 0.9956958 -2.174243 -2.595222 5.259363 -0.4243303 -2.827155 5.259363 -0.3115373 -2.595222 4.9703 -0.3303361 -2.827155 5.036462 -0.2390275 -2.595222 4.791589 -0.08424238 -2.827155 4.898767 -0.04957441 -2.595222 4.9703 0.4655623 -2.827155 5.036462 0.3744979 -2.595222 5.259363 0.5595564 -2.827155 5.259363 0.4467635 -2.595222 5.55404 0.4655623 -2.827155 5.55404 0.3058943 2.796882 2.837913 0.5779538 2.288337 2.837913 0.7620358 1.779792 2.837913 0.5779538 1.603034 2.837913 0.06379366 1.887946 2.837913 -0.5914798 0.6213078 -0.07534908 -0.951099 0.4408879 0.9956958 -0.6656985 1.179169 -0.07534908 -0.951099 0.7035832 1.528899 -1.037036 1.736786 -0.07534908 -1.265308 2.294404 2.431731 -1.120777 2.852021 -0.07534908 -1.265308 3.409638 -0.07534908 -0.951099 3.967255 -0.07534908 -0.951099 -0.3302922 1.130049 0.8313718 -0.5216985 -0.07551707 1.239575 -0.0639348 1.130049 3.741772 -0.28122 -0.0755171 3.741772 -0.3388371 1.130049 5.193921 -0.5292668 -0.07551712 5.193921 -1.237763 1.130049 6.448803 -1.34079 -0.07551713 6.129467 -2.294404 1.130049 6.673169 -2.294404 -0.07551713 6.353833 -3.248017 -0.07551713 6.129467 0.5578313 1.548751 1.186352 1.112519 -0.07551707 1.239575 1.132782 2.499922 1.232251 1.703583 -0.07551708 1.633374 2.294404 2.704024 1.232251 2.885224 -0.07551708 1.633374 3.456025 2.499922 1.232251 3.476044 -0.07551707 1.239575 4.030732 1.548751 1.186352 4.258271 1.130049 0.8313718 0.3302922 1.130049 0.8313718 0.0639348 1.130049 3.741772 0.9753118 2.714278 3.741772 0.3388371 1.130049 5.193921 1.186249 1.947432 5.670727 1.237763 1.130049 6.448803 2.294404 1.869307 6.12727 2.294404 1.130049 6.673169 3.351044 1.130049 6.448803 2.996833 8.455896 0.06907798 3.29029 7.7474 0.06907797 3.024909 7.060388 0.06883382 2.996833 7.7474 -0.6394181 2.709235 7.081628 -0.5764298 2.288337 7.7474 -0.9328752 1.867439 7.081628 -0.5764298 -4.258271 1.130049 0.8313718 -4.030732 1.548751 1.186352 -4.524628 1.130049 3.741772 -3.613495 2.714278 3.741772 -4.24997 1.130049 5.193921 -3.402558 1.947432 5.670727 -3.351044 1.130049 6.448803 -2.294404 1.869307 6.12727 -2.709235 7.081628 -0.5764298 -3.024909 7.060388 0.06883382 -2.996833 7.7474 -0.6394181 -3.29029 7.7474 0.06907797 -2.996833 8.455896 0.06907798 4.524628 1.130049 3.741772 4.307343 -0.0755171 3.741772 4.24997 1.130049 5.193921 4.05954 -0.07551712 5.193921 3.248017 -0.07551713 6.129467 2.294404 -0.07551713 6.353833 1.34079 -0.07551713 6.129467 -1.777595 5.389978 0.5693221 -1.676276 6.268396 0.6804061 -1.74781 7.081628 0.609117 -1.112519 -0.07551707 1.239575 -1.132782 2.499922 1.232251 -1.703583 -0.07551708 1.633374 -2.294404 2.704024 1.232251 -2.885224 -0.07551708 1.633374 -3.456025 2.499922 1.232251 -3.476044 -0.07551707 1.239575 -4.147919 0.9956958 -0.6656985 -3.967255 -0.07534908 -0.951099 -3.912812 -0.07534906 -2.174243 -3.604706 -0.07534906 -3.229419 -2.294404 -0.07534905 -3.464038 -0.9841008 -0.07534906 -3.229419 -2.294404 2.99919 3.741772 -2.294404 2.740401 5.3177 -0.9753118 2.714278 3.741772 -1.186249 1.947432 5.670727 -3.409638 -0.07534908 -0.951099 -3.88498 1.528899 -1.037036 -2.852021 -0.07534908 -1.265308 -2.294404 2.431731 -1.120777 -1.736786 -0.07534908 -1.265308 -1.179169 -0.07534908 -0.951099 3.613495 2.714278 3.741772 2.294404 2.99919 3.741772 -2.608894 5.58181 0.5117918 -2.608894 5.806419 0.2197995 -1.96778 5.806419 0.2197995 -2.608894 5.806419 -0.3500247 -1.96778 5.806419 -0.3500247 -2.608894 5.258811 -0.6410403 -1.96778 5.258811 -0.6410403 -2.288337 4.366477 -0.5360599 0.28122 -0.0755171 3.741772 0.5292668 -0.07551712 5.193921 -0.5578313 1.548751 1.186352 -1.603034 2.837913 0.06379366 -1.417243 3.932395 0.06379367 -1.887946 2.837913 -0.5914798 -1.79029 3.932395 -0.7157474 -2.786384 3.932395 -0.7157474 -2.753425 4.567161 -0.5758548 -3.159431 3.932395 0.06379367 -2.954353 5.045433 0.06428197 -4.05954 -0.07551712 5.193921 -4.307343 -0.0755171 3.741772 1.981452 5.259363 -0.4243303 1.749519 5.259363 -0.3115373 1.981452 4.9703 -0.3303361 1.749519 5.036462 -0.2390275 1.981452 4.791589 -0.08424238 1.749519 4.898767 -0.04957441 1.981452 4.9703 0.4655623 1.749519 5.036462 0.3744979 3.402558 1.947432 5.670727 2.294404 2.740401 5.3177 2.288337 5.389978 0.7534041 1.777595 5.389978 0.5693221 1.676276 6.268396 0.6804061 1.422858 6.268396 0.06834553 1.749519 5.591394 -0.1652971 1.749519 5.55404 0.3058943 1.749519 5.259363 0.4467635 1.981452 5.259363 0.5595564 -2.608894 5.2593 0.6424069 -2.608894 4.93679 0.5117917 -2.608894 4.619895 0.07746556 -1.823249 4.567161 -0.5758548 -1.622321 5.045433 0.06428197 -2.774177 5.045433 0.5550046 -1.802497 5.045433 0.5550046 -2.288337 5.045433 0.7300534 -0.6759953 -0.07534906 -2.174243 -1.749519 5.259363 0.4467635 -1.749519 5.259363 -0.3115373 -1.749519 5.036462 0.3744979 -1.749519 5.036462 -0.2390275 -1.749519 4.898767 -0.04957441 -1.981452 4.791589 -0.08424238 -1.981452 4.9703 0.4655623 -2.288337 7.7474 -0.9328752 -2.288337 8.455896 -0.6394181 2.294404 -0.07534905 -3.464038 0.9841008 -0.07534906 -3.229419 0.6759953 -0.07534906 -2.174243 1.96778 5.806419 0.2197995 1.96778 5.58181 0.5117918 1.96778 5.806419 -0.3500247 1.96778 5.2593 0.6424069 1.96778 5.258811 -0.6410403 1.96778 4.93679 0.5117917 1.96778 4.619895 0.07746556 2.827155 5.591394 -0.1652971 -1.749519 5.591394 -0.1652971 -1.749519 5.55404 0.3058943 -1.981452 5.55404 0.4655623 -1.981452 5.259363 0.5595564 -2.288337 5.389978 0.7534041 -2.288337 6.268396 0.9072127 -2.920905 3.932395 0.701489 -2.97364 2.837913 0.06379366 -2.796882 2.837913 0.5779538 -2.288337 3.932395 0.935864 -2.288337 2.837913 0.7620358 -1.655769 3.932395 0.701489 -1.779792 2.837913 0.5779538 3.604706 -0.07534906 -3.229419 3.912812 -0.07534906 -2.174243 4.067109 -0.07551707 1.239575 -2.799079 5.389978 0.5693221 2.997284 1.946624 0.0676999 4.384736 1.946624 0.0676999 1.30539 2.700286 0.821362 1.30539 3.012542 0.06769992 1.585419 1.946624 0.0676999 1.30539 2.700286 -0.6859622 1.30539 1.946624 -0.9979739 1.30539 1.192961 -0.6859622 1.30539 0.8809497 0.06769989 1.30539 1.192961 0.821362 0.6178899 1.946624 1.133374 0.6178899 1.192961 0.821362 0.1977239 1.946624 0.0676999 0.6178899 0.8809497 0.06769989 0.6178899 1.192961 -0.6859622 0.6178899 1.946624 -0.9979739 0.6178899 2.700286 -0.6859622 0.6178899 3.012542 0.06769992 1.811005 2.834319 -0.2079349 2.2883 2.834319 -0.4833255 2.2883 3.235442 0.06769992 2.765595 2.834319 -0.2079349 2.765595 2.834319 0.3430905 -2.688728 2.837913 -0.5914798 2.608894 5.2593 0.6424069 2.608894 5.58181 0.5117918 -1.96778 4.619895 0.07746556 -1.96778 4.93679 0.5117917 -1.96778 5.2593 0.6424069 2.288337 4.366477 -0.5360599 2.608894 4.619895 0.07746556 2.608894 5.258811 -0.6410403 2.608894 4.93679 0.5117917 -3.277314 2.700286 0.821362 -3.277314 3.012542 0.06769992 -2.997284 1.946624 0.0676999 -3.277314 2.700286 -0.6859622 -3.277314 1.946624 -0.9979739 -3.277314 1.192961 -0.6859622 -3.277314 0.8809497 0.06769989 -3.277314 1.192961 0.821362 -3.964814 1.946624 1.133374 -3.964814 1.192961 0.821362 -4.384736 1.946624 0.0676999 -3.964814 0.8809497 0.06769989 -3.964814 1.192961 -0.6859622 -3.964814 1.946624 -0.9979739 -3.964814 2.700286 -0.6859622 -3.964814 3.012542 0.06769992 -1.585419 1.946624 0.0676999 -0.1977239 1.946624 0.0676999 -2.2883 3.235442 0.06769992 -1.981452 5.666345 -0.21559 -1.981452 5.259363 -0.4243303 -1.981452 4.9703 -0.3303361 -2.595222 5.666345 -0.21559 -2.827155 5.591394 -0.1652971 -2.958466 1.816817 1.664624 -2.958466 2.173262 0.5503659 -1.618134 1.816817 1.664624 -1.618134 2.173262 0.5503659 -2.958466 1.530196 0.3445554 -2.958466 1.173506 1.458813 -1.618134 1.530196 0.3445554 -1.618134 1.173506 1.458813 -0.6213078 -0.07534908 -0.951099 0.5216985 -0.07551707 1.239575 -2.966279 1.684661 -1.510181 -2.966279 2.228118 -0.2767825 -2.966279 1.045012 -1.220142 -2.966279 1.588469 0.01325654 -1.625947 2.228118 -0.2767825 -1.625947 1.684661 -1.510181 -1.625947 1.588469 0.01325654 -1.625947 1.045012 -1.220142 -3.277314 1.946624 1.133374 -3.964814 2.700286 0.821362 -3.229462 1.341887 0.416821 -3.229462 1.946624 0.7659421 -1.352997 1.341887 0.416821 -1.352997 1.946624 0.7659421 -1.352997 1.341887 -0.2814212 -3.229462 1.341887 -0.2814212 -1.352997 1.946624 -0.6305423 -3.229462 1.946624 -0.6305423 -1.352997 2.55136 -0.2814212 -3.229462 2.55136 -0.2814212 -1.352997 2.55136 0.416821 -3.229462 2.55136 0.416821 2.958466 1.173506 1.458813 2.958466 1.816817 1.664624 2.958466 1.530196 0.3445554 2.958466 2.173262 0.5503659 1.618134 1.530196 0.3445554 1.618134 2.173262 0.5503659 1.618134 1.173506 1.458813 1.618134 1.816817 1.664624 -1.96778 5.58181 0.5117918 2.966279 1.588469 0.01325654 2.966279 2.228118 -0.2767825 2.966279 1.045012 -1.220142 2.966279 1.684661 -1.510181 1.625947 1.045012 -1.220142 1.625947 1.684661 -1.510181 1.625947 1.588469 0.01325654 1.625947 2.228118 -0.2767825 1.30539 1.946624 1.133374 0.6178899 2.700286 0.821362 1.811249 2.834319 0.3430905 2.2883 2.834319 0.6187253 1.981452 5.666345 -0.21559 2.2883 1.958098 -0.5494876 1.753876 1.958098 -0.2408939 1.981452 5.55404 0.4655623 1.753876 1.958098 0.3762937 2.2883 1.958098 0.6848874 2.822968 1.958098 0.3762937 2.822968 1.958098 -0.2408939 2.608894 5.806419 0.2197995 2.608894 5.806419 -0.3500247 -4.067109 -0.07551707 1.239575</float_array>
					<technique_common>
						<accessor source="#polygon0_PosArr" count="807" stride="3">
							<param name="X" type="float" />
							<param name="Y" type="float" />
							<param name="Z" type="float" />
						</accessor>
					</technique_common>
				</source>
				<source id="polygon0_Normals">
					<float_array id="polygon0_NormArr" count="1740">0.9653931 -0.06213379 0.2532959 0.9667358 -0.2558594 -0.001892093 0.9107666 -0.4129639 0.002807612 0.9650879 -0.06738281 -0.2531738 0.7842407 -0.4324951 -0.4449463 0.8622437 -0.02294921 -0.5059814 0.4515381 -0.4353027 -0.7788696 0.4993286 -0.01470946 -0.866272 0 -0.4351807 -0.9003296 0 -0.01580809 -0.9998779 -0.4993286 -0.01470946 -0.866272 -0.4567261 0.4338379 -0.7766724 -0.7635498 0.4577026 -0.4555054 -0.6747437 0.6063232 -0.4207764 -0.7578735 0.6342773 -0.1525879 -0.7667236 0.6417236 -0.01641845 -0.7509155 0.6450806 0.1413574 -0.6806641 0.6166992 0.3955078 -0.7991333 0.5578613 0.223999 -0.7643433 0.4512939 0.4606323 -0.9653931 -0.06213379 0.2532959 -0.8635254 -0.01470948 0.5040894 -0.7810669 -0.4332275 0.449707 -0.5006104 -0.0003051863 0.8656616 -0.4486084 -0.4361572 0.7800903 0 0.00085448 1 -0.2409668 -0.3646851 0.8994141 0 -0.3060913 0.9520264 0 0.5097046 0.8603516 0.6082153 0.5097046 0.6084595 0.3757935 0.02557372 0.9263306 0.7070923 0.01007079 0.7070313 0.406189 -0.5653687 0.7178955 0.7139893 -0.5710449 0.4051514 0.3988647 -0.8391113 0.369873 0.6837158 -0.7297974 -8.880148E-09 0.3498535 -0.9367676 0.008056629 0.3925171 -0.8317871 -0.3925171 0 -0.9343262 -0.3564453 0 -0.7297974 -0.6836548 -0.3925171 -0.8317871 -0.3925171 -0.4051514 -0.5710449 -0.7139893 -0.7139893 -0.5710449 -0.4051514 -0.7070313 0.01007081 -0.7070923 -0.9263306 0.02557373 -0.3757935 -0.6084595 0.5097656 -0.6082153 -0.8603516 0.5097656 0.0001831117 0.06048584 0.9638672 0.2594604 0 0.9602661 0.2791748 0 0.9605103 0.2781982 -0.06048584 0.9638672 0.2594604 -0.06628418 0.9647827 0.2544556 -0.08862305 0.9744263 0.2064209 -0.08874512 0.9761353 0.1983032 -0.05493164 0.9854126 0.1610108 -0.0491333 0.9859009 0.1599732 -0.004943848 0.9863892 0.1645508 6.103516E-05 0.986145 0.1657715 0.01055908 0.9822998 0.1869507 0.01416016 0.9819946 0.1882324 0 0.9803467 0.1971436 0 0.9801025 0.1986084 -0.01416016 0.9819946 0.1882324 0.630249 -0.5490112 0.5490112 -0.630249 -0.5490112 0.5490112 0.6290894 0.005493155 0.7772827 -0.6290894 0.005493155 0.7772827 0.6018066 0.6671753 0.4390259 -0.6018066 0.6671753 0.4390259 0.6018066 0.6671753 -0.4390259 -0.6018066 0.6671753 -0.4390259 0.6290894 0.005493173 -0.7772827 -0.6290894 0.005493173 -0.7772827 0.630249 -0.5490112 -0.5490112 -0.630249 -0.5490112 -0.5490112 0.630249 -0.7763672 -9.446809E-09 -0.630249 -0.7763672 -9.446809E-09 0.002807617 1 1.216796E-08 0.001708984 0.838501 -0.5449219 0.001708984 0.8383789 0.5450439 0.4788208 0.645813 0.5947266 0.07763672 -0.3632202 0.9284668 0.7009277 -0.1920777 0.6868896 0.5264893 -0.7809448 0.3359985 0.8933716 -0.4492798 0.0001831 0.52771 -0.7803345 -0.3355713 0.7008667 -0.1920166 -0.6869507 0.07751465 -0.3630981 -0.9285278 0.4788208 0.645813 -0.5947266 0 -1 0.001770007 -0.7067261 -0.7074585 0.001159659 0 -0.7350464 0.6780396 -0.730896 -8.304577E-09 0.6824951 0 -1.216796E-08 1 0 0.7350464 0.6780396 0.730896 -8.304577E-09 0.6824951 0.7067261 0.7074585 0.001159677 1 0 0 0.7279053 8.343195E-09 -0.6856689 0.7067261 -0.7074585 0.001159659 0 -0.7279053 -0.6856689 0.2140503 -0.5620117 0.7989502 0.2409668 -0.3646851 0.8994141 0.411499 -0.5730591 0.7087402 0.4486084 -0.4361572 0.7800903 0.7810669 -0.4332275 0.449707 0.5006104 -0.0003051863 0.8656616 0.8635254 -0.01470948 0.5040894 0.4589233 0.4256592 0.7798462 0.7643433 0.4512939 0.4606323 0.6806641 0.6166992 0.3955078 0.7991333 0.5578613 0.223999 0.7509155 0.6450806 0.1413574 -0.3498535 -0.9367676 0.008056629 -0.6837158 -0.7297974 -8.880148E-09 -0.3988647 -0.8391113 0.369873 -0.7139893 -0.5710449 0.4051514 -0.406189 -0.5653687 0.7178955 -0.7070923 0.01007079 0.7070313 -0.3757935 0.02557372 0.9263306 -0.6082153 0.5097046 0.6084595 -0.5421753 0.1693115 -0.8230591 0.8106689 0.1207275 -0.572937 -0.4743652 0.5800781 -0.6621704 0.7653198 0.4277954 -0.480896 -0.4822388 0.8760376 -0.002746571 0.7570801 0.6533203 -0.003478996 -0.4754639 0.5774536 0.6637573 0.7665405 0.4238892 0.4823608 -0.5379028 0.159729 0.8277588 0.8080444 0.1147461 0.5778198 0.9263306 0.02557373 0.3758545 0.8603516 0.5097656 0.0001831117 0.9998169 0.02032471 2.473103E-10 0.9263306 0.02557373 -0.3757935 0.8773804 -0.4797974 -5.838157E-09 0.7139893 -0.5710449 -0.4051514 0.5291138 -0.08215333 0.8445435 0.6737061 0.208313 0.7090454 0.5721436 -0.4592285 0.6795044 0.9501343 -0.2376099 0.2017822 0.5390015 -0.7249756 0.428833 0.5701294 -0.8046265 0.1658325 -0.5390015 -0.7249756 0.428833 -0.5701294 -0.8046265 0.1658325 -0.9501343 -0.2376099 0.2017822 -0.6304932 -0.5370483 -0.5604248 0.7070313 0.01007081 -0.7070923 0.6084595 0.5097656 -0.6082153 0.3758545 0.02557374 -0.9263306 0 0.5097656 -0.8602905 0 0.02032472 -0.9998169 -0.3758545 0.02557374 -0.9263306 0 -0.4797974 -0.8773804 -0.7506714 0.6084595 -0.2574463 -0.9650879 -0.06738281 -0.2531738 -0.8622437 -0.02294921 -0.5059814 -0.7842407 -0.4324951 -0.4449463 -0.4515381 -0.4353027 -0.7788696 -0.7220459 -0.5489502 -0.4210205 -0.4182739 -0.5423584 -0.7286377 -0.4621582 0.7576294 -0.4609375 0 0.8859863 -0.4637451 -0.4673462 0.8839722 0.01428224 0 0.958374 0.2855225 0 0.9967651 0.08068849 0.4673462 0.8839722 0.01428224 0.3991089 0.7890015 0.4671021 0.795166 0.5666504 0.2159424 0.7665405 0.3374634 0.5463867 0 0.7279053 -0.6856689 0 1.216796E-08 -1 0.4051514 -0.5710449 -0.7139893 -0.411499 -0.5730591 0.7087402 -0.715271 -0.5667114 0.4089355 -0.9107666 -0.4129639 0.002807612 -0.829895 -0.5579224 -0.004089362 -0.7279053 8.343195E-09 -0.6856689 -1 0 0 -0.7067261 0.7074585 0.001159677 0.07110596 -0.9614868 0.2653809 -0.1120605 -0.8845825 -0.4527588 0 -0.97229 0.2338867 0 -0.9525146 -0.3045044 0.1120605 -0.8845825 -0.4527588 0 -0.9172363 -0.3983154 0.3093262 -0.8400269 -0.4456787 0.4326172 -0.8478394 -0.3066406 -0.001708984 0.8383789 0.5450439 -0.07763672 -0.3632202 0.9284668 -0.4788208 0.645813 0.5947266 -0.7009277 -0.1920777 0.6868896 -0.7008667 -0.1920166 -0.6869507 -0.8933716 -0.4492798 0.0001831 -0.52771 -0.7803345 -0.3355713 -0.5264893 -0.7809448 0.3359985 -0.8106689 0.1207275 -0.572937 0.4743652 0.5800781 -0.6621704 -0.7653198 0.4277954 -0.480896 0.4822388 0.8760376 -0.002746571 -0.7570801 0.6533203 -0.003478996 0.4754639 0.5774536 0.6637573 -0.7665405 0.4238892 0.4823608 0.5379028 0.159729 0.8277588 -0.8773804 -0.4797974 -5.838157E-09 -0.9263306 0.02557373 0.3758545 0.4011841 0.3738403 0.8362427 0 0.7407227 0.671814 -0.3991089 0.7890015 0.4671021 -0.795166 0.5666504 0.2159424 -0.002807617 1 1.216796E-08 -0.001708984 0.838501 -0.5449219 -0.4788208 0.645813 -0.5947266 -0.07751465 -0.3630981 -0.9285278 0 -0.539917 -0.8417358 -0.9998169 0.02032471 2.473103E-10 0 0.4179077 -0.9085083 0.4621582 0.7576294 -0.4609375 0.7458496 0.6097412 -0.2681885 0 1 0.001770032 -0.4326172 -0.8478394 -0.3066406 -0.4940796 -0.8623657 0.1105347 0 -0.8824463 0.4703369 0.4940796 -0.8623657 0.1105347 0.3528442 -0.7385254 0.5745239 0.6389771 -0.6350708 0.434082 -0.8276978 0.05932616 0.5580444 -0.833374 0.04473878 -0.5509033 -0.8080444 0.1147461 0.5778198 0 1 1.216796E-08 0 0.4205322 -0.9072876 0.4567261 0.4338379 -0.7766724 0.4150391 0.555481 -0.72052 0.6747437 0.6063232 -0.4207764 0 0.4065552 0.9136353 -0.4589233 0.4256592 0.7798462 -0.4351807 0.5441284 0.7172852 0.5117798 0.07788087 -0.8555908 0.5036011 0.0994873 0.8581543 0.5421753 0.1693115 -0.8230591 -0.4150391 0.555481 -0.72052 0 0.5338745 -0.8455811 0.7667236 0.6417236 -0.01641845 0.7578735 0.6342773 -0.1525879 0.7635498 0.4577026 -0.4555054 0.7506714 0.6084595 -0.2574463 -0.5291138 -0.08215333 0.8445435 -0.5721436 -0.4592285 0.6795044 -0.6737061 0.208313 0.7090454 -0.8297729 -0.5581055 -6.791007E-09 -0.6818237 -0.7315063 -8.900943E-09 -0.2589111 -0.9658813 -1.175281E-08 0 -0.4923096 0.8704224 0 -0.8284912 0.5599365 0.4351807 0.5441284 0.7172852 0 0.5083618 0.861145 0 0.02032469 0.9998169 0.715271 -0.5667114 0.4089355 0.829895 -0.5579224 -0.004089362 0 -0.9996338 0.02642821 0 -1 -1.216796E-08 0.6304932 -0.5370483 -0.5604248 0.4699707 -0.8046265 -0.362854 -0.4699707 -0.8046265 -0.362854 0.00189209 -1 -1.216796E-08 0.2589111 -0.9658813 -1.175281E-08 0.6818237 -0.7315063 -8.900943E-09 -0.3093262 -0.8400269 -0.4456787 -0.7703857 -0.6350708 -0.05645753 -0.6389771 -0.6350708 0.434082 -0.3528442 -0.7385254 0.5745239 0 0.3307495 0.9437256 0 -0.6412354 0.767334 0.7703857 -0.6350708 -0.05645753 -0.5117798 0.07788087 -0.8555908 -0.5036011 0.0994873 0.8581543 0.833374 0.04473878 -0.5509033 0.8276978 0.05932616 0.5580444 0.8417358 0.539917 6.569691E-09 -0.2140503 -0.5620117 0.7989502 -0.9667358 -0.2558594 -0.001892093 -0.00189209 -1 -1.216796E-08 0.7220459 -0.5489502 -0.4210205 0.4182739 -0.5423584 -0.7286377 -0.7458496 0.6097412 -0.2681885 -0.7665405 0.3375244 0.5463867 -0.4011841 0.3738403 0.8362427 0 0.2468262 0.9690552 0.06628418 0.9647827 0.2544556 0.08862305 0.9744263 0.2064209 0.08874512 0.9761353 0.1983032 0.05493164 0.9854126 0.1610108 0.0491333 0.9859009 0.1599732 0.004943848 0.9863892 0.1645508 -6.103516E-05 0.986145 0.1657715 -0.01055908 0.9822998 0.1869507 -0.1276855 0.9918213 1.206845E-08 0.1276855 0.9918213 1.206845E-08 1 -0.0007324219 -8.912083E-12 -0.4630737 0.8862915 1.078436E-08 -0.8417358 0.539917 6.569691E-09 -1 -0.0007324219 -8.912083E-12 0.4630737 0.8862915 1.078436E-08 0.8297729 -0.5581055 -6.791007E-09 -0.8375854 -0.5366821 0.1021118 -0.1771851 -0.7288818 -0.6613159 -0.07110596 -0.9614868 0.2653809 0.8375854 -0.5366821 0.1021118 0.1771851 -0.7288818 -0.6613159 0.668335 -0.7193604 -0.1893921 -0.4129028 -0.2901611 -0.8632813 -0.668335 -0.7193604 -0.1893921 -0.9968872 0.006347657 -0.07897949 -0.690979 -0.01831056 0.7226563 -0.6898193 -0.1167603 0.7145386 -0.004211426 -0.1101685 0.9938965 -0.7044067 0.05572509 0.7075806 0 0.00274657 1 0 0.7835083 0.6213379 0.7044067 0.05572509 0.7075806 0.6213379 0.7835083 9.533701E-09 0.999939 0.0111084 6.103529E-05 0.7164917 0.06488038 -0.6945801 0.9924316 -0.1174927 -0.0355835 0.5291748 -0.1719971 -0.8308716 0.9984131 -0.004699707 -0.05621338 0.4049683 -0.2988281 -0.8641357 0.5067139 -0.6096191 -0.6096191 -0.5474243 -0.5917358 -0.5917358 0.5067139 -0.8621216 -1.049026E-08 -0.5474243 -0.836853 -1.01828E-08 0.5067139 -0.6096191 0.6096191 -0.5474243 -0.5917358 0.5917358 0.5067139 -1.049026E-08 0.8621216 -0.5474243 -1.01828E-08 0.836853 0.5067139 0.6096191 0.6096191 -0.5474243 0.5917358 0.5917358 0.5067139 0.8621216 1.049026E-08 -0.5474243 0.836853 1.01828E-08 0.5067139 0.6096191 -0.6096191 -0.5474243 0.5917358 -0.5917358 0.5067139 1.049026E-08 -0.8621216 -0.5474243 1.01828E-08 -0.836853 0.6541138 0.7357788 -0.175354 0.9992676 0.007080079 -0.0369873 0.5084839 0.6914673 0.5131836 0.7069092 0.01062011 0.7072144 0.001159668 0.7045288 0.7096558 6.103516E-05 0.01214598 0.999939 -0.5097656 0.6916504 0.5115967 -0.7058716 0.01208495 0.7081909 -0.6546631 0.7354736 -0.1746216 -0.9992065 0.01000977 -0.03845215 -0.4475708 0.456665 -0.7688599 -0.5255737 0.03302003 -0.8500977 0.4475708 0.456665 -0.7688599 0.5255737 0.03302003 -0.8500977 0.4046631 -0.6582031 -0.6348267 0.7196045 -0.6939087 -0.02600099 0 -0.8660278 0.5 0 0.8660278 0.5 0 0.8660278 -0.5 0 -0.8660278 -0.5 -0.999939 0.0111084 6.103529E-05 -0.6213379 0.7835083 9.533701E-09 0.004211426 -0.1101685 0.9938965 0.6898193 -0.1167603 0.7145386 0.690979 -0.01831056 0.7226563 0.9968872 0.006347657 -0.07897949 0.4129028 -0.2902222 -0.8632813 -0.4049683 -0.2988281 -0.8641357 0 0.4373169 -0.899292 0 0.07537843 -0.9971313 0.7788086 0.4373169 -0.449646 0.8635864 0.07537843 -0.4985962 0.7788086 0.4373169 0.449646 0.8635864 0.07537841 0.4985962 0 0.4373169 0.899292 0 0.0753784 0.9971313 -0.7788086 0.4373169 0.449646 -0.8635864 0.07537841 0.4985962 -0.7788086 0.4373169 -0.449646 -0.8635864 0.07537843 -0.4985962 0.3470459 0.397583 -0.8494263 0.4365234 0.06500245 -0.8973389 0.7893066 0.04907227 -0.6120605 0.4375 -0.5285645 -0.727478 0.8013916 -0.3516235 -0.4839478 0.43396 -0.8873291 -0.1558228 0.77771 -0.6231079 -0.08325196 0.43396 -0.6262817 0.647644 0.77771 -0.4551392 0.4335938 0.437439 -0.002258312 0.899231 0.8023071 0.0170288 0.5966797 0.4839478 0.3289795 0.8109131 0.9278564 0.1610107 0.3363647 -0.9599609 0.2172241 -0.1769409 -0.6403809 0.2279053 -0.7334595 -0.4619751 0.8516846 -0.2474365 -0.4186401 0.7578125 -0.5004272 0 0.8130493 -0.5822144 0 0.2091065 -0.9779053 0.4186401 0.7578125 -0.5004272 0.6403809 0.2279053 -0.7334595 0.4619751 0.8516846 -0.2474365 0.9597168 0.2177734 -0.1775513 0.8633423 0.49823 -0.07995605 0.9943848 0.09777832 -0.03985596 0 0.7835083 -0.6213379 -0.7164917 0.06488038 -0.6945801 -0.9924316 -0.1174927 -0.0355835 -0.696106 -0.1187134 0.7080688 0.002502441 -0.0162964 0.9998779 0.5014648 -0.6896362 0.5223999 0.9944458 0.09680176 -0.04119873 0.9599609 0.2172241 -0.1769409 -0.9597168 0.2177734 -0.1775513 -0.4365234 0.06500245 -0.8973389 -0.7893066 0.04907227 -0.6120605 -0.4375 -0.5285645 -0.727478 -0.8013916 -0.3516235 -0.4839478 -0.43396 -0.8873291 -0.1558228 -0.77771 -0.6231079 -0.08325196 -0.43396 -0.6262817 0.647644 -0.77771 -0.4551392 0.4335938 -0.437439 -0.002258312 0.899231 -0.8023071 0.0170288 0.5966797 -0.4839478 0.3289795 0.8109131 -0.9278564 0.1610107 0.3363647 0.5228882 -0.6809692 0.5127563 -0.0009765625 -0.6952515 0.71875 -0.5186157 -0.682373 0.5151978 -0.7176514 -0.6958008 -0.02954102 -0.4046631 -0.6582031 -0.6348267 0 -0.2573853 0.9663086 0.5278931 0.1407471 0.8375854 0.3708496 0.05883788 0.9268188 0.2781982 0.06054686 0.9586182 0.1853638 0.01690673 0.9825439 0 -0.02087404 0.9997559 -0.1853638 0.01690673 0.9825439 -0.2781982 0.06054686 0.9586182 -0.3708496 0.05883788 0.9268188 -0.5278931 0.1407471 0.8375854 0.9869385 0.1334229 -0.09033203 0.9788208 -0.1834717 -0.09063721 0.9851074 0.1663208 0.04364014 0.9841309 -0.1725464 0.04174804 0.9068604 0.1920166 0.375061 0.8980713 -0.1685791 0.406311 0.5042725 0.1776733 0.8450317 0.5064697 -0.2561646 0.8233032 0 0.1731567 0.9849243 0 -0.2561035 0.9666748 -0.5064697 -0.2561646 0.8233032 0.2885132 0.06726076 -0.9551392 0.3693237 -0.08624266 -0.925293 0.102478 -0.1003418 -0.9896851 0.2485352 -0.08996581 -0.9644165 0 -0.1474609 -0.9890747 -0.2485352 -0.08996581 -0.9644165 -0.102478 -0.1003418 -0.9896851 -0.3693237 -0.08624266 -0.925293 -0.2885132 0.06726076 -0.9551392 -0.6005859 0.1221314 -0.7901611 -0.9869385 0.1334229 -0.09033203 -0.8508911 0.5184326 -0.08483886 -0.9851074 0.1663208 0.04364014 -0.5878906 0.8052368 0.07696534 -0.9068604 0.1920166 0.375061 -0.5342407 0.6544189 0.5350952 -0.5042725 0.1776733 0.8450317 0 0.6553345 0.7553711 0.9898682 -0.1294556 -0.05804443 0.5388794 -0.1900024 -0.8206787 0 0.01757814 -0.9998169 -0.5291748 -0.1719971 -0.8308716 -0.9866333 0.1344604 -0.09216309 -0.9849854 0.1669922 0.0444336 -0.5388794 -0.1900024 -0.8206787 -0.9898682 -0.1294556 -0.05804443 0.9849854 0.1669922 0.0444336 0.9838257 -0.1738892 0.04339599 0.5009155 -0.6889648 0.5238647 0.696167 -0.0175171 0.7176514 0.696106 -0.1187134 0.7080688 0.6005859 0.1221314 -0.7901611 -0.9943848 0.09777832 -0.03985596 -0.9866333 -0.1578369 -0.0413208 -0.9736938 -0.1600952 -0.1621094 -0.6628418 -0.2110596 -0.7183838 0 -0.1934814 -0.9810791 0.6628418 -0.2110596 -0.7183838 -0.5687866 0.8146973 -0.1130371 0 0.9995728 0.02893068 0 0.8807373 0.4736328 0.5878906 0.8052368 0.07696534 0.5342407 0.6544189 0.5350952 0.9866333 0.1344604 -0.09216309 0.8508911 0.5184326 -0.08483886 0.5687866 0.8146973 -0.1130371 0 0.9931641 -0.1167602 -0.6525879 0.4586792 0.6031494 -0.6413574 0.7264404 0.2469483 0.6413574 0.7264404 0.2469483 -0.6074829 0.6808472 -0.4091187 0.6074829 0.6808472 -0.4091187 -0.6572876 0.0824585 -0.7491455 0.6572876 0.0824585 -0.7491455 0 -0.5413818 -0.8407593 0.7176514 -0.6958008 -0.02954102 0.9992065 0.01000977 -0.03845215 -0.9992676 0.007080079 -0.0369873 -0.6541138 0.7357788 -0.175354 -0.8980713 -0.1685791 0.406311 -0.9838257 -0.1738892 0.04339599 -0.001403809 -0.7010498 0.7131348 -0.5009155 -0.6889648 0.5238647 -0.696167 -0.0175171 0.7176514 -0.9984131 -0.004699707 -0.05621338 -0.8260498 0.2271729 -0.5158081 -0.6315918 -9.434183E-09 0.7753296 -0.8546753 -0.1948853 0.4812012 -0.9812622 -0.1439209 -0.1279907 0.6546631 0.7354736 -0.1746216 -0.5084839 0.6914673 0.5131836 0.5097656 0.6916504 0.5115967 -0.001159668 0.7045288 0.7096558 -0.9741211 -0.1588745 -0.1608276 -0.9944458 0.09680176 -0.04119873 0.8260498 0.2271729 -0.5158081 0.9741211 -0.1588745 -0.1608276 0.001403809 -0.7010498 0.7131348 -0.002502441 -0.0162964 0.9998779 -0.7069092 0.01062011 0.7072144 -0.7196045 -0.6939087 -0.02600099 -0.5228882 -0.6809692 0.5127563 -6.103516E-05 0.01214598 0.999939 0.0009765625 -0.6952515 0.71875 0.7058716 0.01208495 0.7081909 0.5186157 -0.682373 0.5151978 -0.5014648 -0.6896362 0.5223999 0.5474243 0.5917358 0.5917358 0.5474243 0.836853 1.01828E-08 0.5474243 0.5917358 -0.5917358 0.5474243 1.01828E-08 -0.836853 0.5474243 -0.5917358 -0.5917358 0.5474243 -0.836853 -1.01828E-08 0.5474243 -0.5917358 0.5917358 -0.5067139 -1.049026E-08 0.8621216 -0.5067139 -0.6096191 0.6096191 -0.5067139 -0.8621216 -1.049026E-08 -0.5067139 -0.6096191 -0.6096191 -0.5067139 1.049026E-08 -0.8621216 -0.5067139 0.6096191 -0.6096191 -0.5067139 0.8621216 1.049026E-08 0.6315918 -9.434183E-09 0.7753296 0.6525879 0.4586792 0.6031494 0.9812622 -0.1439209 -0.1279907 0.8546753 -0.1948853 0.4812012 -0.3470459 0.397583 -0.8494263 0 0.9675293 -0.2526855 0 -0.3206787 -0.9472046 0 0.9524536 0.3047485 0 -0.9524536 -0.3047485 -0.8633423 0.49823 -0.07995605 0 0.9151001 -0.4032593 0 -0.9151001 0.4032593 0.5474243 -1.01828E-08 0.836853 -0.5067139 0.6096191 0.6096191 -0.9788208 -0.1834717 -0.09063721 -0.9841309 -0.1725464 0.04174804 0.9778442 -0.1870117 -0.09393311 0.9866333 -0.1578369 -0.0413208 0.9736938 -0.1600952 -0.1621094 -0.00592041 0.1026001 0.9946899 0.00592041 0.1026001 0.9946899 -0.9869995 -0.1546631 -0.04400635 -0.9778442 -0.1870117 -0.09393311 0.9869995 -0.1546631 -0.04400635</float_array>
					<technique_common>
						<accessor source="#polygon0_NormArr" count="580" stride="3">
							<param name="X" type="float" />
							<param name="Y" type="float" />
							<param name="Z" type="float" />
						</accessor>
					</technique_common>
				</source>
				<source id="polygon0_UVs0">
					<float_array id="polygon0_UVArr0" count="1320">0.5596313 0.7797546 0.4882507 0.7740173 0.4880066 0.6944885 0.4165649 0.7798767 0.3111877 0.6944885 0.3111877 0.76651 0.1563721 0.6944885 0.1563721 0.76651 0.007659912 0.6944885 0.007659912 0.76651 0.1563721 0.8385925 0.3111877 0.8385925 0.3113708 0.9514771 0.4521179 0.8812561 0.4805298 0.925293 0.5254822 0.8807373 0.6489868 0.8986206 0.559967 0.8564758 0.6672974 0.8372498 0.6672974 0.7650146 0.6672974 0.6944885 0.8213196 0.7650146 0.8213196 0.6944885 0.9956055 0.7650146 0.9242249 0.6944885 0.9956055 0.6944885 0.6430969 0.619751 0.5342407 0.619751 0.5809937 0.5642395 0.5170288 0.5642395 0.5578613 0.4916992 0.4914856 0.4916992 0.5288086 0.42099 0.4190674 0.4472046 0.4190674 0.3970642 0.3164673 0.42099 0.204071 0.4007263 0.204071 0.4472046 0.2849731 0.4916992 0.3479614 0.4916992 0.3227844 0.5642395 0.3825684 0.5642395 0.3074341 0.619751 0.4190674 0.619751 0.8213196 0.8852539 0.9956055 0.8812561 0.9956055 0.9057007 0.8213196 0.911438 0.6465454 0.9245605 0.4823608 0.947113 0.3210144 0.9674377 0.1563721 0.9639893 0.1563721 0.9833374 0.007659912 0.9698486 0.007659912 0.9908752 0.3771973 0.1609192 0.3771973 0.1832886 0.3625793 0.1609192 0.3625793 0.1832886 0.3489075 0.1609192 0.3489075 0.1832886 0.3357849 0.1609192 0.3357849 0.1832886 0.3230591 0.1609192 0.3230591 0.1832886 0.3117371 0.1609192 0.3117371 0.1832886 0.3004456 0.1609192 0.3004456 0.1832886 0.2872009 0.1609192 0.2872009 0.1832886 0.4328003 0.7977905 0.4165649 0.8566895 0.4335938 0.84729 0.4873962 0.8613586 0.5420227 0.8473511 0.5426941 0.7979126 0.0340271 0.2802124 0.0340271 0.2619019 0.06347656 0.2619019 0.04876709 0.2435913 0.06347656 0.2435913 0.06347656 0.2252502 0.07818604 0.2435913 0.09292603 0.2252502 0.09292603 0.2435913 0.1076355 0.2435913 0.09292603 0.2619019 0.122345 0.2619019 0.09292603 0.2802124 0.8859863 0.6343079 0.8213196 0.6343079 0.8213196 0.8372498 0.3130493 0.2558899 0.3130493 0.2795715 0.3040771 0.2558899 0.3040771 0.2795715 0.2931519 0.2558899 0.2931519 0.2795715 0.2822266 0.2558899 0.2822266 0.2795715 0.2736206 0.2558899 0.2736206 0.2795715 0.4550171 0.5642395 0.4190674 0.5642395 0.4190674 0.5158997 0.1253052 0.4865723 0.1902161 0.5056458 0.1253052 0.4587097 0.1902161 0.4182434 0.1253052 0.4033813 0.1253052 0.3473511 0.06530762 0.4033813 0.06530762 0.3473511 0.00390625 0.4182434 0.00390625 0.3052673 0.2733459 0.2257385 0.2733459 0.2465515 0.2819824 0.2257385 0.2819824 0.2465515 0.2929688 0.2257385 0.2929688 0.2465515 0.3039551 0.2257385 0.3039551 0.2465515 0.3129272 0.2257385 0.3129272 0.2465515 0.2653809 0.5642395 0.204071 0.619751 0.204071 0.5642395 0.204071 0.5158997 0.3111877 0.6343079 0.1563721 0.6343079 0.6194153 0.06143188 0.6251831 0.002502441 0.691864 0.07745361 0.6895447 0.002502441 0.7246704 0.002502441 0.7713013 0.06082153 0.7315674 0.110199 0.7837219 0.09158325 0.0340271 0.2252502 0.0340271 0.2435913 0.01931763 0.2435913 0.004608154 0.2252502 0.004608154 0.2435913 0.6672974 0.6343079 0.487793 0.6343079 0.004608154 0.2619019 0.8291016 0.05700684 0.8453064 0.05752563 0.8253174 0.06948853 0.8446655 0.06948853 0.8595581 0.06948853 0.8436279 0.03982544 0.8710022 0.0199585 0.8179016 0.05258179 0.8006592 0.002502441 0.007659912 0.6343079 0.5996399 0.01647949 0.665863 0.1016235 0.122345 0.2252502 0.09292603 0.2069397 0.0340271 0.2069397 0.9237061 0.02529907 0.9645081 0.06948853 0.9822998 0.03262329 0.9491577 0.008575439 0.2397766 0.1576538 0.2099304 0.1577454 0.2372437 0.1759033 0.2124329 0.1758118 0.2355652 0.1802368 0.224884 0.1831055 0.4187622 0.3868713 0.3792114 0.3789978 0.4582825 0.3790283 0.362854 0.3600464 0.4746704 0.3600464 0.1787109 0.2171631 0.1787109 0.2278137 0.2000122 0.2388 0.1787109 0.2398987 0.2000122 0.2449341 0.2000122 0.2542114 0.007659912 0.8480225 0.9956055 0.8372498 0.2146301 0.2268677 0.236145 0.2268677 0.2164612 0.2420044 0.234314 0.2420044 0.2181702 0.247345 0.2254028 0.2504883 0.2121887 0.1898499 0.2391663 0.1897888 0.214447 0.2078247 0.236908 0.2079163 0.216095 0.2123718 0.2256775 0.2151489 0.2785339 0.1716003 0.2740173 0.1822815 0.2746277 0.1615601 0.2555237 0.1822205 0.2553101 0.161499 0.2512207 0.1715393 0.1787109 0.256012 0.1787109 0.2626648 0.06530762 0.4865723 0.06530762 0.4587097 0.00390625 0.5056458 0.1599426 0.256012 0.1599426 0.2398987 0.1599426 0.2278137 0.138031 0.2542114 0.138031 0.2449341 0.138031 0.2388 0.1599426 0.2171631 0.6430969 0.5158997 0.6430969 0.4239502 0.6430969 0.5642395 0.1599426 0.2626648 0.2355957 0.2572327 0.214325 0.2572327 0.2337952 0.2729492 0.216095 0.2729492 0.2321167 0.2785034 0.2249451 0.2817688 0.5315552 0.3634338 0.2998352 0.2166748 0.2998352 0.1929932 0.3128052 0.2166748 0.3128052 0.1929932 0.3250122 0.1929932 0.336792 0.1929932 0.336792 0.2166748 0.3250122 0.2166748 0.1902161 0.3052673 0.1253052 0.3174133 0.06530762 0.3174133 0.2144165 0.1804199 0.217804 0.2785034 0.247345 0.2465515 0.247345 0.2257385 0.338562 0.2257385 0.338562 0.2465515 0.2548523 0.1943359 0.2646484 0.1902161 0.2507324 0.2043457 0.2783508 0.2043457 0.2738037 0.2149353 0.287384 0.1929932 0.287384 0.2166748 0.338562 0.2795715 0.338562 0.2558899 0.2477417 0.2558899 0.2477417 0.2795715 0.2355347 0.2123718 0.2326355 0.247345 0.2743835 0.1943665 0.9078064 0.004364014 0.1253052 0.5145569 0.09524536 0.5086365 0.06530762 0.5145569 0.122345 0.2435913 0.9958801 0.06948853 0.1787109 0.2832031 0.1787109 0.2753906 0.1599426 0.2832031 0.1599426 0.2753906 0.06530762 0.2885132 0.1253052 0.2885132 0.255127 0.2149353 0.2650146 0.1573792 0.8287354 0.0105896 0.2977295 0.3634338 0.1599426 0.2893982 0.1787109 0.2893982 0.8354797 0.04901123 0.7233582 0.5009155 0.7800903 0.5252686 0.8200073 0.5009155 0.8200073 0.5354614 0.8543701 0.535553 0.8543701 0.566925 0.8876343 0.566925 0.8543701 0.5932922 0.8876343 0.5932922 0.887207 0.6220093 0.9208679 0.5932922 0.9555969 0.6220093 0.9554138 0.5932922 0.9971313 0.5932922 0.9554138 0.566925 0.9971313 0.566925 0.9554138 0.5355225 0.9971313 0.5257568 0.9554138 0.5009155 0.1522217 0.198761 0.1190796 0.198761 0.1522217 0.1731262 0.1190796 0.1731262 0.1522217 0.1488037 0.1190796 0.1488037 0.1522217 0.1244507 0.1190796 0.1244507 0.1522217 0.1001282 0.1190796 0.1001282 0.1522217 0.07580566 0.1190796 0.07580566 0.1522217 0.05145264 0.1190796 0.05145264 0.1522217 0.02713013 0.1190796 0.02713013 0.1522217 0.00201416 0.1190796 0.00201416 0.196991 0.00201416 0.1635742 0.00201416 0.196991 0.02716064 0.1635742 0.02716064 0.196991 0.05154419 0.1635742 0.05154419 0.196991 0.07592773 0.1635742 0.07592773 0.196991 0.1003113 0.1635742 0.1003113 0.196991 0.1246643 0.1635742 0.1246643 0.196991 0.1490479 0.1635742 0.1490479 0.196991 0.1734314 0.1635742 0.1734314 0.196991 0.1991272 0.1635742 0.1991272 0.9974365 0.3596191 0.9974365 0.4332886 0.9474182 0.3596191 0.9474182 0.4332886 0.9037476 0.3596191 0.9037476 0.4332886 0.8601074 0.3596191 0.8601074 0.4332886 0.8161011 0.3596191 0.8161011 0.4332886 0.7645264 0.3897095 0.7668457 0.4332886 0.7076416 0.3897095 0.7053528 0.4332886 0.6541138 0.4332886 0.7081604 0.4898071 0.6541138 0.4898071 0.131073 0.5267029 0.131073 0.5663452 0.1117554 0.5267029 0.1117554 0.5663452 0.09246826 0.5267029 0.09246826 0.5663452 0.07019043 0.5267029 0.07019043 0.5663452 0.05090332 0.5267029 0.05090332 0.5663452 0.03161621 0.5267029 0.03161621 0.5663452 0.006317139 0.5267029 0.006317139 0.5663452 0.7394104 0.5252686 0.131897 0.6197205 0.131897 0.5800781 0.1113586 0.6197205 0.1113586 0.5800781 0.09088135 0.6197205 0.09088135 0.5800781 0.07040405 0.6197205 0.07040405 0.5800781 0.0501709 0.6197205 0.04989624 0.5800781 0.0291748 0.6197205 0.02941895 0.5800781 0.006195068 0.6197205 0.006195068 0.5800781 0.9415894 0.9947815 0.9091492 0.9645691 0.9271851 0.9564514 0.9069519 0.942749 0.9287109 0.9442444 0.9216003 0.9216309 0.9349365 0.9329529 0.9767761 0.9178467 0.9702148 0.9329529 0.9976501 0.9382019 0.9784546 0.9439697 0.995575 0.9615479 0.9729004 0.9642639 0.3917542 0.3215637 0.3615112 0.3040771 0.4329834 0.292511 0.3775635 0.2902222 0.3781433 0.2574463 0.3519287 0.2579041 0.3775635 0.2246704 0.3581543 0.2094421 0.4329834 0.2223816 0.3916626 0.1933594 0.4269409 0.1936951 0.4304504 0.1792603 0.9972534 0.6220093 0.9208679 0.566925 0.8876343 0.535553 0.8543701 0.5009155 0.4301453 0.3365479 0.4269409 0.321228 0.9974365 0.4898071 0.9474182 0.4898071 0.9037476 0.4898071 0.8601074 0.4898071 0.8161011 0.4898071 0.7640686 0.4898071 0.6610107 0.1654663 0.6537476 0.1483765 0.6835022 0.1654663 0.6643372 0.1403503 0.7059937 0.1654663 0.7284546 0.1262207 0.750946 0.1654663 0.792572 0.1403503 0.773407 0.1654663 0.8031921 0.1483765 0.7958984 0.1654663 0.2086182 0.08047485 0.2086182 0.1473389 0.2989197 0.08047485 0.2989197 0.1473389 0.3469849 0.08047485 0.3469849 0.1473389 0.3825073 0.08047485 0.3825073 0.1473389 0.4157715 0.08047485 0.4157715 0.1473389 0.4490662 0.1473389 0.6612244 0.2193604 0.6832275 0.1825256 0.684021 0.2409058 0.7066345 0.1825256 0.730072 0.2455444 0.753479 0.1825256 0.776123 0.2409058 0.7769165 0.1825256 0.7988892 0.2193604 0.8079224 0.2072754 0.4493103 0.3431091 0.4546204 0.3248291 0.5299377 0.3529358 0.5381775 0.29422 0.5812378 0.3441467 0.598053 0.29422 0.6286621 0.3101807 0.6264343 0.2566223 0.6451416 0.2566223 0.6277771 0.2056885 0.8200073 0.6220093 0.8200073 0.5932922 0.8200073 0.566925 0.7876892 0.5932922 0.7800903 0.566925 0.7555847 0.5932922 0.7394104 0.566925 0.7209473 0.5932922 0.4479675 0.170105 0.4513245 0.1870728 0.52948 0.1651611 0.5381775 0.2192688 0.5802002 0.1707458 0.598053 0.2192688 0.5326233 0.08047485 0.5326233 0.1473389 0.4845581 0.08047485 0.4845581 0.1473389 0.4490662 0.08047485 0.9208679 0.5009155 0.9208679 0.535553 0.2089539 0.001220703 0.2089539 0.06854248 0.2744751 0.001220703 0.2744751 0.06854248 0.3301697 0.001220703 0.3301697 0.06854248 0.3959045 0.001220703 0.3959045 0.06854248 0.4616089 0.06854248 0.4572754 0.2192688 0.538147 0.2566223 0.5971985 0.2566223 0.4573059 0.2566223 0.4572754 0.29422 0.6514282 0.9476624 0.6225281 0.9476624 0.6225281 0.9988403 0.5936584 0.9476624 0.5936584 0.9988403 0.5508728 0.9476624 0.5508728 0.9988403 0.4931946 0.9732361 0.8807068 0.3308105 0.8167725 0.2178955 0.9977722 0.2178955 0.8279419 0.1401062 0.9866333 0.1401062 0.8644104 0.08999634 0.9501648 0.08999634 0.9072876 0.07797241 0.6541138 0.3596191 0.6229553 0.08047485 0.8988342 0.9750671 0.8779297 0.9682312 0.899353 0.9470215 0.8771667 0.9533386 0.8838806 0.9226379 0.8705444 0.9375 0.8210754 0.9215393 0.8336487 0.936615 0.8876343 0.5009155 0.859436 0.9871826 0.8300171 0.9771118 0.8255615 0.950531 0.8028564 0.9494019 0.7066345 0.9882507 0.7207947 0.9958191 0.7066345 0.9734802 0.7411194 0.9992065 0.7411499 0.9659424 0.7614441 0.9958191 0.7814026 0.9845581 0.7032471 0.5052795 0.6674805 0.5052795 0.710968 0.5304871 0.6597595 0.5304871 0.7040405 0.5498352 0.666687 0.5498352 0.6853638 0.5567322 0.8110962 0.2559814 0.7854614 0.2559814 0.8085938 0.3128967 0.7598267 0.2705994 0.65979 0.3128967 0.7085571 0.2705994 0.6829224 0.2559814 0.7673645 0.6220093 0.4616089 0.001220703 0.5173035 0.06854248 0.5173035 0.001220703 0.5828247 0.001220703 0.7073975 0.9373779 0.7215271 0.9298096 0.7073975 0.9521484 0.7418518 0.9264221 0.7418823 0.9596863 0.7621765 0.9298096 0.782135 0.9410706 0.9448853 0.9718323 0.8061523 0.9747009 0.8276062 0.3519287 0.8541565 0.3519287 0.9338379 0.3308105 0.7341919 0.3729553 0.6768188 0.3570251 0.7915344 0.3570251 0.986969 0.3519287 0.9604187 0.3519287 0.9203796 0.6577148 0.9263 0.6740417 0.9263 0.6413574 0.9427795 0.6808167 0.9427795 0.634613 0.95578 0.6705627 0.9974365 0.6705933 0.2217407 0.3016663 0.2493591 0.3015747 0.2357483 0.3348694 0.2690125 0.3209839 0.2691956 0.3485413 0.003356934 0.0284729 0.03344727 0.00112915 0.05465698 0.04785156 0.07595825 0.001190186 0.1059875 0.02856445 0.2816467 0.3085327 0.3008118 0.2892151 0.3146667 0.322052 0.328064 0.2891235 0.3474731 0.3083496 0.3476563 0.3355713 0.3284912 0.3549194 0.301239 0.3549805 0.07574463 0.1959839 0.03381348 0.1959534 0.05484009 0.1504822 0.004211426 0.169281 0.004272461 0.1315918 0.03393555 0.1049805 0.07583618 0.105011 0.1054382 0.1316833 0.6080017 0.3923035 0.5975037 0.3723145 0.6184692 0.3723145 0.6082458 0.3522949 0.6287231 0.3522949 0.6986084 0.5698547 0.6708679 0.5698547 0.7085266 0.592041 0.6611023 0.5921936 0.6672668 0.6096497 0.6722717 0.9476624 0.6722717 0.9988403 0.6514282 0.9988403 0.7980957 0.9569702 0.7973633 0.9686584 0.2023315 0.3211975 0.2025146 0.3487549 0.222168 0.3681641 0.2497864 0.3680725 0.003326416 0.06713867 0.03335571 0.09454346 0.0758667 0.09457397 0.105957 0.06726074 0.2818298 0.3357849 0.1054077 0.1693726 0.6289673 0.3923035 0.6394653 0.3723145 0.6931152 0.9988403 0.6931152 0.9476624 0.8806152 0.9987183 0.6572876 0.2559814 0.4324036 0.2574463 0.7024841 0.6095276 0.684906 0.6158447 0.65979 0.1825256 0.6522217 0.2072754 0.1940002 0.5727539 0.1732178 0.5727539 0.1940002 0.6031189 0.1732178 0.6031189 0.1732178 0.5574646 0.1940002 0.5574646 0.1732178 0.5255432 0.1940002 0.5255432 0.1444702 0.5423584 0.1654663 0.5423584 0.1444702 0.5256348 0.1654663 0.5256348 0.1654663 0.5725098 0.1444702 0.5725098 0.1654663 0.5883179 0.1444702 0.5883179 0.1444702 0.6184692 0.1654663 0.6184692 0.6229553 0.1473389 0.1732178 0.6184387 0.1940002 0.6184387 0.800354 0.1825256 0.6881104 0.1271362 0.7688293 0.1271362 0.5828247 0.06854248</float_array>
					<technique_common>
						<accessor source="#polygon0_UVArr0" count="660" stride="2">
							<param name="S" type="float" />
							<param name="T" type="float" />
						</accessor>
					</technique_common>
				</source>
				<source id="polygon0_UVs1">
					<float_array id="polygon0_UVArr1" count="1320">0.5596313 0.7797546 0.4882507 0.7740173 0.4880066 0.6944885 0.4165649 0.7798767 0.3111877 0.6944885 0.3111877 0.76651 0.1563721 0.6944885 0.1563721 0.76651 0.007659912 0.6944885 0.007659912 0.76651 0.1563721 0.8385925 0.3111877 0.8385925 0.3113708 0.9514771 0.4521179 0.8812561 0.4805298 0.925293 0.5254822 0.8807373 0.6489868 0.8986206 0.559967 0.8564758 0.6672974 0.8372498 0.6672974 0.7650146 0.6672974 0.6944885 0.8213196 0.7650146 0.8213196 0.6944885 0.9956055 0.7650146 0.9242249 0.6944885 0.9956055 0.6944885 0.6430969 0.619751 0.5342407 0.619751 0.5809937 0.5642395 0.5170288 0.5642395 0.5578613 0.4916992 0.4914856 0.4916992 0.5288086 0.42099 0.4190674 0.4472046 0.4190674 0.3970642 0.3164673 0.42099 0.204071 0.4007263 0.204071 0.4472046 0.2849731 0.4916992 0.3479614 0.4916992 0.3227844 0.5642395 0.3825684 0.5642395 0.3074341 0.619751 0.4190674 0.619751 0.8213196 0.8852539 0.9956055 0.8812561 0.9956055 0.9057007 0.8213196 0.911438 0.6465454 0.9245605 0.4823608 0.947113 0.3210144 0.9674377 0.1563721 0.9639893 0.1563721 0.9833374 0.007659912 0.9698486 0.007659912 0.9908752 0.3771973 0.1609192 0.3771973 0.1832886 0.3625793 0.1609192 0.3625793 0.1832886 0.3489075 0.1609192 0.3489075 0.1832886 0.3357849 0.1609192 0.3357849 0.1832886 0.3230591 0.1609192 0.3230591 0.1832886 0.3117371 0.1609192 0.3117371 0.1832886 0.3004456 0.1609192 0.3004456 0.1832886 0.2872009 0.1609192 0.2872009 0.1832886 0.4328003 0.7977905 0.4165649 0.8566895 0.4335938 0.84729 0.4873962 0.8613586 0.5420227 0.8473511 0.5426941 0.7979126 0.0340271 0.2802124 0.0340271 0.2619019 0.06347656 0.2619019 0.04876709 0.2435913 0.06347656 0.2435913 0.06347656 0.2252502 0.07818604 0.2435913 0.09292603 0.2252502 0.09292603 0.2435913 0.1076355 0.2435913 0.09292603 0.2619019 0.122345 0.2619019 0.09292603 0.2802124 0.8859863 0.6343079 0.8213196 0.6343079 0.8213196 0.8372498 0.3130493 0.2558899 0.3130493 0.2795715 0.3040771 0.2558899 0.3040771 0.2795715 0.2931519 0.2558899 0.2931519 0.2795715 0.2822266 0.2558899 0.2822266 0.2795715 0.2736206 0.2558899 0.2736206 0.2795715 0.4550171 0.5642395 0.4190674 0.5642395 0.4190674 0.5158997 0.1253052 0.4865723 0.1902161 0.5056458 0.1253052 0.4587097 0.1902161 0.4182434 0.1253052 0.4033813 0.1253052 0.3473511 0.06530762 0.4033813 0.06530762 0.3473511 0.00390625 0.4182434 0.00390625 0.3052673 0.2733459 0.2257385 0.2733459 0.2465515 0.2819824 0.2257385 0.2819824 0.2465515 0.2929688 0.2257385 0.2929688 0.2465515 0.3039551 0.2257385 0.3039551 0.2465515 0.3129272 0.2257385 0.3129272 0.2465515 0.2653809 0.5642395 0.204071 0.619751 0.204071 0.5642395 0.204071 0.5158997 0.3111877 0.6343079 0.1563721 0.6343079 0.6194153 0.06143188 0.6251831 0.002502441 0.691864 0.07745361 0.6895447 0.002502441 0.7246704 0.002502441 0.7713013 0.06082153 0.7315674 0.110199 0.7837219 0.09158325 0.0340271 0.2252502 0.0340271 0.2435913 0.01931763 0.2435913 0.004608154 0.2252502 0.004608154 0.2435913 0.6672974 0.6343079 0.487793 0.6343079 0.004608154 0.2619019 0.8291016 0.05700684 0.8453064 0.05752563 0.8253174 0.06948853 0.8446655 0.06948853 0.8595581 0.06948853 0.8436279 0.03982544 0.8710022 0.0199585 0.8179016 0.05258179 0.8006592 0.002502441 0.007659912 0.6343079 0.5996399 0.01647949 0.665863 0.1016235 0.122345 0.2252502 0.09292603 0.2069397 0.0340271 0.2069397 0.9237061 0.02529907 0.9645081 0.06948853 0.9822998 0.03262329 0.9491577 0.008575439 0.2397766 0.1576538 0.2099304 0.1577454 0.2372437 0.1759033 0.2124329 0.1758118 0.2355652 0.1802368 0.224884 0.1831055 0.4187622 0.3868713 0.3792114 0.3789978 0.4582825 0.3790283 0.362854 0.3600464 0.4746704 0.3600464 0.1787109 0.2171631 0.1787109 0.2278137 0.2000122 0.2388 0.1787109 0.2398987 0.2000122 0.2449341 0.2000122 0.2542114 0.007659912 0.8480225 0.9956055 0.8372498 0.2146301 0.2268677 0.236145 0.2268677 0.2164612 0.2420044 0.234314 0.2420044 0.2181702 0.247345 0.2254028 0.2504883 0.2121887 0.1898499 0.2391663 0.1897888 0.214447 0.2078247 0.236908 0.2079163 0.216095 0.2123718 0.2256775 0.2151489 0.2785339 0.1716003 0.2740173 0.1822815 0.2746277 0.1615601 0.2555237 0.1822205 0.2553101 0.161499 0.2512207 0.1715393 0.1787109 0.256012 0.1787109 0.2626648 0.06530762 0.4865723 0.06530762 0.4587097 0.00390625 0.5056458 0.1599426 0.256012 0.1599426 0.2398987 0.1599426 0.2278137 0.138031 0.2542114 0.138031 0.2449341 0.138031 0.2388 0.1599426 0.2171631 0.6430969 0.5158997 0.6430969 0.4239502 0.6430969 0.5642395 0.1599426 0.2626648 0.2355957 0.2572327 0.214325 0.2572327 0.2337952 0.2729492 0.216095 0.2729492 0.2321167 0.2785034 0.2249451 0.2817688 0.5315552 0.3634338 0.2998352 0.2166748 0.2998352 0.1929932 0.3128052 0.2166748 0.3128052 0.1929932 0.3250122 0.1929932 0.336792 0.1929932 0.336792 0.2166748 0.3250122 0.2166748 0.1902161 0.3052673 0.1253052 0.3174133 0.06530762 0.3174133 0.2144165 0.1804199 0.217804 0.2785034 0.247345 0.2465515 0.247345 0.2257385 0.338562 0.2257385 0.338562 0.2465515 0.2548523 0.1943359 0.2646484 0.1902161 0.2507324 0.2043457 0.2783508 0.2043457 0.2738037 0.2149353 0.287384 0.1929932 0.287384 0.2166748 0.338562 0.2795715 0.338562 0.2558899 0.2477417 0.2558899 0.2477417 0.2795715 0.2355347 0.2123718 0.2326355 0.247345 0.2743835 0.1943665 0.9078064 0.004364014 0.1253052 0.5145569 0.09524536 0.5086365 0.06530762 0.5145569 0.122345 0.2435913 0.9958801 0.06948853 0.1787109 0.2832031 0.1787109 0.2753906 0.1599426 0.2832031 0.1599426 0.2753906 0.06530762 0.2885132 0.1253052 0.2885132 0.255127 0.2149353 0.2650146 0.1573792 0.8287354 0.0105896 0.2977295 0.3634338 0.1599426 0.2893982 0.1787109 0.2893982 0.8354797 0.04901123 0.7233582 0.5009155 0.7800903 0.5252686 0.8200073 0.5009155 0.8200073 0.5354614 0.8543701 0.535553 0.8543701 0.566925 0.8876343 0.566925 0.8543701 0.5932922 0.8876343 0.5932922 0.887207 0.6220093 0.9208679 0.5932922 0.9555969 0.6220093 0.9554138 0.5932922 0.9971313 0.5932922 0.9554138 0.566925 0.9971313 0.566925 0.9554138 0.5355225 0.9971313 0.5257568 0.9554138 0.5009155 0.1522217 0.198761 0.1190796 0.198761 0.1522217 0.1731262 0.1190796 0.1731262 0.1522217 0.1488037 0.1190796 0.1488037 0.1522217 0.1244507 0.1190796 0.1244507 0.1522217 0.1001282 0.1190796 0.1001282 0.1522217 0.07580566 0.1190796 0.07580566 0.1522217 0.05145264 0.1190796 0.05145264 0.1522217 0.02713013 0.1190796 0.02713013 0.1522217 0.00201416 0.1190796 0.00201416 0.196991 0.00201416 0.1635742 0.00201416 0.196991 0.02716064 0.1635742 0.02716064 0.196991 0.05154419 0.1635742 0.05154419 0.196991 0.07592773 0.1635742 0.07592773 0.196991 0.1003113 0.1635742 0.1003113 0.196991 0.1246643 0.1635742 0.1246643 0.196991 0.1490479 0.1635742 0.1490479 0.196991 0.1734314 0.1635742 0.1734314 0.196991 0.1991272 0.1635742 0.1991272 0.9974365 0.3596191 0.9974365 0.4332886 0.9474182 0.3596191 0.9474182 0.4332886 0.9037476 0.3596191 0.9037476 0.4332886 0.8601074 0.3596191 0.8601074 0.4332886 0.8161011 0.3596191 0.8161011 0.4332886 0.7645264 0.3897095 0.7668457 0.4332886 0.7076416 0.3897095 0.7053528 0.4332886 0.6541138 0.4332886 0.7081604 0.4898071 0.6541138 0.4898071 0.131073 0.5267029 0.131073 0.5663452 0.1117554 0.5267029 0.1117554 0.5663452 0.09246826 0.5267029 0.09246826 0.5663452 0.07019043 0.5267029 0.07019043 0.5663452 0.05090332 0.5267029 0.05090332 0.5663452 0.03161621 0.5267029 0.03161621 0.5663452 0.006317139 0.5267029 0.006317139 0.5663452 0.7394104 0.5252686 0.131897 0.6197205 0.131897 0.5800781 0.1113586 0.6197205 0.1113586 0.5800781 0.09088135 0.6197205 0.09088135 0.5800781 0.07040405 0.6197205 0.07040405 0.5800781 0.0501709 0.6197205 0.04989624 0.5800781 0.0291748 0.6197205 0.02941895 0.5800781 0.006195068 0.6197205 0.006195068 0.5800781 0.9415894 0.9947815 0.9091492 0.9645691 0.9271851 0.9564514 0.9069519 0.942749 0.9287109 0.9442444 0.9216003 0.9216309 0.9349365 0.9329529 0.9767761 0.9178467 0.9702148 0.9329529 0.9976501 0.9382019 0.9784546 0.9439697 0.995575 0.9615479 0.9729004 0.9642639 0.3917542 0.3215637 0.3615112 0.3040771 0.4329834 0.292511 0.3775635 0.2902222 0.3781433 0.2574463 0.3519287 0.2579041 0.3775635 0.2246704 0.3581543 0.2094421 0.4329834 0.2223816 0.3916626 0.1933594 0.4269409 0.1936951 0.4304504 0.1792603 0.9972534 0.6220093 0.9208679 0.566925 0.8876343 0.535553 0.8543701 0.5009155 0.4301453 0.3365479 0.4269409 0.321228 0.9974365 0.4898071 0.9474182 0.4898071 0.9037476 0.4898071 0.8601074 0.4898071 0.8161011 0.4898071 0.7640686 0.4898071 0.6610107 0.1654663 0.6537476 0.1483765 0.6835022 0.1654663 0.6643372 0.1403503 0.7059937 0.1654663 0.7284546 0.1262207 0.750946 0.1654663 0.792572 0.1403503 0.773407 0.1654663 0.8031921 0.1483765 0.7958984 0.1654663 0.2086182 0.08047485 0.2086182 0.1473389 0.2989197 0.08047485 0.2989197 0.1473389 0.3469849 0.08047485 0.3469849 0.1473389 0.3825073 0.08047485 0.3825073 0.1473389 0.4157715 0.08047485 0.4157715 0.1473389 0.4490662 0.1473389 0.6612244 0.2193604 0.6832275 0.1825256 0.684021 0.2409058 0.7066345 0.1825256 0.730072 0.2455444 0.753479 0.1825256 0.776123 0.2409058 0.7769165 0.1825256 0.7988892 0.2193604 0.8079224 0.2072754 0.4493103 0.3431091 0.4546204 0.3248291 0.5299377 0.3529358 0.5381775 0.29422 0.5812378 0.3441467 0.598053 0.29422 0.6286621 0.3101807 0.6264343 0.2566223 0.6451416 0.2566223 0.6277771 0.2056885 0.8200073 0.6220093 0.8200073 0.5932922 0.8200073 0.566925 0.7876892 0.5932922 0.7800903 0.566925 0.7555847 0.5932922 0.7394104 0.566925 0.7209473 0.5932922 0.4479675 0.170105 0.4513245 0.1870728 0.52948 0.1651611 0.5381775 0.2192688 0.5802002 0.1707458 0.598053 0.2192688 0.5326233 0.08047485 0.5326233 0.1473389 0.4845581 0.08047485 0.4845581 0.1473389 0.4490662 0.08047485 0.9208679 0.5009155 0.9208679 0.535553 0.2089539 0.001220703 0.2089539 0.06854248 0.2744751 0.001220703 0.2744751 0.06854248 0.3301697 0.001220703 0.3301697 0.06854248 0.3959045 0.001220703 0.3959045 0.06854248 0.4616089 0.06854248 0.4572754 0.2192688 0.538147 0.2566223 0.5971985 0.2566223 0.4573059 0.2566223 0.4572754 0.29422 0.6514282 0.9476624 0.6225281 0.9476624 0.6225281 0.9988403 0.5936584 0.9476624 0.5936584 0.9988403 0.5508728 0.9476624 0.5508728 0.9988403 0.4931946 0.9732361 0.8807068 0.3308105 0.8167725 0.2178955 0.9977722 0.2178955 0.8279419 0.1401062 0.9866333 0.1401062 0.8644104 0.08999634 0.9501648 0.08999634 0.9072876 0.07797241 0.6541138 0.3596191 0.6229553 0.08047485 0.8988342 0.9750671 0.8779297 0.9682312 0.899353 0.9470215 0.8771667 0.9533386 0.8838806 0.9226379 0.8705444 0.9375 0.8210754 0.9215393 0.8336487 0.936615 0.8876343 0.5009155 0.859436 0.9871826 0.8300171 0.9771118 0.8255615 0.950531 0.8028564 0.9494019 0.7066345 0.9882507 0.7207947 0.9958191 0.7066345 0.9734802 0.7411194 0.9992065 0.7411499 0.9659424 0.7614441 0.9958191 0.7814026 0.9845581 0.7032471 0.5052795 0.6674805 0.5052795 0.710968 0.5304871 0.6597595 0.5304871 0.7040405 0.5498352 0.666687 0.5498352 0.6853638 0.5567322 0.8110962 0.2559814 0.7854614 0.2559814 0.8085938 0.3128967 0.7598267 0.2705994 0.65979 0.3128967 0.7085571 0.2705994 0.6829224 0.2559814 0.7673645 0.6220093 0.4616089 0.001220703 0.5173035 0.06854248 0.5173035 0.001220703 0.5828247 0.001220703 0.7073975 0.9373779 0.7215271 0.9298096 0.7073975 0.9521484 0.7418518 0.9264221 0.7418823 0.9596863 0.7621765 0.9298096 0.782135 0.9410706 0.9448853 0.9718323 0.8061523 0.9747009 0.8276062 0.3519287 0.8541565 0.3519287 0.9338379 0.3308105 0.7341919 0.3729553 0.6768188 0.3570251 0.7915344 0.3570251 0.986969 0.3519287 0.9604187 0.3519287 0.9203796 0.6577148 0.9263 0.6740417 0.9263 0.6413574 0.9427795 0.6808167 0.9427795 0.634613 0.95578 0.6705627 0.9974365 0.6705933 0.2217407 0.3016663 0.2493591 0.3015747 0.2357483 0.3348694 0.2690125 0.3209839 0.2691956 0.3485413 0.003356934 0.0284729 0.03344727 0.00112915 0.05465698 0.04785156 0.07595825 0.001190186 0.1059875 0.02856445 0.2816467 0.3085327 0.3008118 0.2892151 0.3146667 0.322052 0.328064 0.2891235 0.3474731 0.3083496 0.3476563 0.3355713 0.3284912 0.3549194 0.301239 0.3549805 0.07574463 0.1959839 0.03381348 0.1959534 0.05484009 0.1504822 0.004211426 0.169281 0.004272461 0.1315918 0.03393555 0.1049805 0.07583618 0.105011 0.1054382 0.1316833 0.6080017 0.3923035 0.5975037 0.3723145 0.6184692 0.3723145 0.6082458 0.3522949 0.6287231 0.3522949 0.6986084 0.5698547 0.6708679 0.5698547 0.7085266 0.592041 0.6611023 0.5921936 0.6672668 0.6096497 0.6722717 0.9476624 0.6722717 0.9988403 0.6514282 0.9988403 0.7980957 0.9569702 0.7973633 0.9686584 0.2023315 0.3211975 0.2025146 0.3487549 0.222168 0.3681641 0.2497864 0.3680725 0.003326416 0.06713867 0.03335571 0.09454346 0.0758667 0.09457397 0.105957 0.06726074 0.2818298 0.3357849 0.1054077 0.1693726 0.6289673 0.3923035 0.6394653 0.3723145 0.6931152 0.9988403 0.6931152 0.9476624 0.8806152 0.9987183 0.6572876 0.2559814 0.4324036 0.2574463 0.7024841 0.6095276 0.684906 0.6158447 0.65979 0.1825256 0.6522217 0.2072754 0.1940002 0.5727539 0.1732178 0.5727539 0.1940002 0.6031189 0.1732178 0.6031189 0.1732178 0.5574646 0.1940002 0.5574646 0.1732178 0.5255432 0.1940002 0.5255432 0.1444702 0.5423584 0.1654663 0.5423584 0.1444702 0.5256348 0.1654663 0.5256348 0.1654663 0.5725098 0.1444702 0.5725098 0.1654663 0.5883179 0.1444702 0.5883179 0.1444702 0.6184692 0.1654663 0.6184692 0.6229553 0.1473389 0.1732178 0.6184387 0.1940002 0.6184387 0.800354 0.1825256 0.6881104 0.1271362 0.7688293 0.1271362 0.5828247 0.06854248</float_array>
					<technique_common>
						<accessor source="#polygon0_UVArr1" count="660" stride="2">
							<param name="S" type="float" />
							<param name="T" type="float" />
						</accessor>
					</technique_common>
				</source>
				<vertices id="polygon0_Vertices">
					<input semantic="POSITION" source="#polygon0_Positions" />
				</vertices>
				<triangles material="enm_pawn_elv_body__enMetal__" count="1351">
					<input semantic="VERTEX" source="#polygon0_Vertices" offset="0" />
					<input semantic="NORMAL" source="#polygon0_Normals" offset="1" />
					<input semantic="TEXCOORD" source="#polygon0_UVs0" set="0" offset="2" />
					<input semantic="TEXCOORD" source="#polygon0_UVs1" set="1" offset="3" />
					<p>2 2 2 2 1 1 1 1 0 0 0 0 3 3 3 3 1 1 1 1 2 2 2 2 4 4 4 4 3 3 3 3 2 2 2 2 5 5 5 5 3 3 3 3 4 4 4 4 6 6 6 6 5 5 5 5 4 4 4 4 7 7 7 7 5 5 5 5 6 6 6 6 8 8 8 8 7 7 7 7 6 6 6 6 9 9 9 9 7 7 7 7 8 8 8 8 10 10 7 7 9 9 9 9 8 8 8 8 11 11 10 10 9 9 9 9 10 10 7 7 12 12 11 11 11 11 10 10 10 10 7 7 13 13 12 12 11 11 10 10 12 12 11 11 14 14 13 13 13 13 12 12 12 12 11 11 15 15 14 14 13 13 12 12 14 14 13 13 16 16 15 15 15 15 14 14 14 14 13 13 17 17 16 16 15 15 14 14 16 16 15 15 18 18 17 17 17 17 16 16 16 16 15 15 19 19 18 18 17 17 16 16 18 18 17 17 20 20 0 0 19 19 18 18 18 18 17 17 21 21 19 19 19 19 18 18 20 20 0 0 22 22 20 20 21 21 19 19 20 20 0 0 23 23 21 21 21 21 19 19 22 22 20 20 24 24 22 22 23 23 21 21 22 22 20 20 25 25 23 23 23 23 21 21 24 24 22 22 26 26 24 24 25 25 23 23 24 24 22 22 27 27 25 25 25 25 23 23 26 26 24 24 30 30 28 28 29 29 27 27 28 28 26 26 31 31 29 29 29 29 27 27 30 30 28 28 32 32 30 30 31 31 29 29 30 30 28 28 33 33 31 31 31 31 29 29 32 32 30 30 34 34 32 32 33 33 31 31 32 32 30 30 35 35 33 33 33 33 31 31 34 34 32 32 36 36 34 34 35 35 33 33 34 34 32 32 37 37 35 35 35 35 33 33 36 36 34 34 38 38 36 36 37 37 35 35 36 36 34 34 39 39 37 37 37 37 35 35 38 38 36 36 40 40 35 35 39 39 37 37 38 38 36 36 41 41 38 38 39 39 37 37 40 40 35 35 42 42 39 39 41 41 38 38 40 40 35 35 43 43 40 40 41 41 38 38 42 42 39 39 44 44 41 41 43 43 40 40 42 42 39 39 45 45 42 42 43 43 40 40 44 44 41 41 46 46 43 43 45 45 42 42 44 44 41 41 49 49 46 46 48 48 45 45 47 47 44 44 50 50 44 44 48 48 45 45 49 49 46 46 51 51 47 47 50 50 44 44 49 49 46 46 17 52 16 16 50 50 44 44 51 51 47 47 52 53 48 48 17 52 16 16 51 51 47 47 15 54 14 14 17 52 16 16 52 53 48 48 53 55 49 49 15 54 14 14 52 53 48 48 13 56 12 12 15 54 14 14 53 55 49 49 54 57 50 50 13 56 12 12 53 55 49 49 55 58 51 51 13 56 12 12 54 57 50 50 56 59 52 52 55 58 51 51 54 57 50 50 57 60 53 53 55 58 51 51 56 59 52 52 58 61 54 54 57 60 53 53 56 59 52 52 59 62 52 52 57 60 53 53 58 61 54 54 62 65 57 57 61 64 56 56 60 63 55 55 63 66 58 58 61 64 56 56 62 65 57 57 64 67 59 59 63 66 58 58 62 65 57 57 65 68 60 60 63 66 58 58 64 67 59 59 66 69 61 61 65 68 60 60 64 67 59 59 67 70 62 62 65 68 60 60 66 69 61 61 68 71 63 63 67 70 62 62 66 69 61 61 69 72 64 64 67 70 62 62 68 71 63 63 70 73 65 65 69 72 64 64 68 71 63 63 71 74 66 66 69 72 64 64 70 73 65 65 72 75 67 67 71 74 66 66 70 73 65 65 73 76 68 68 71 74 66 66 72 75 67 67 60 63 69 69 73 76 68 68 72 75 67 67 61 64 70 70 73 76 68 68 60 63 69 69 3 79 3 3 0 78 0 0 1 77 1 1 74 80 71 71 0 78 0 0 3 79 3 3 75 81 72 72 74 80 71 71 3 79 3 3 76 82 73 73 74 80 71 71 75 81 72 72 77 83 13 13 76 82 73 73 75 81 72 72 78 84 74 74 76 82 73 73 77 83 13 13 79 85 15 15 78 84 74 74 77 83 13 13 80 86 75 75 78 84 74 74 79 85 15 15 81 87 17 17 80 86 75 75 79 85 15 15 82 88 76 76 80 86 75 75 81 87 17 17 0 78 0 0 82 88 76 76 81 87 17 17 74 80 71 71 82 88 76 76 0 78 0 0 85 91 79 79 84 90 78 78 83 89 77 77 86 92 80 80 84 90 78 78 85 91 79 79 87 93 81 81 86 92 80 80 85 91 79 79 88 94 82 82 86 92 80 80 87 93 81 81 89 95 83 83 88 94 82 82 87 93 81 81 90 96 84 84 88 94 82 82 89 95 83 83 91 97 85 85 90 96 84 84 89 95 83 83 92 98 86 86 90 96 84 84 91 97 85 85 93 99 87 87 92 98 86 86 91 97 85 85 94 100 88 88 92 98 86 86 93 99 87 87 83 89 89 89 94 100 88 88 93 99 87 87 97 103 91 91 96 102 24 24 95 101 90 90 98 104 22 22 96 102 24 24 97 103 91 91 99 105 20 20 98 104 22 22 97 103 91 91 100 106 21 21 98 104 22 22 99 105 20 20 101 107 19 19 100 106 21 21 99 105 20 20 102 108 92 92 100 106 21 21 101 107 19 19 103 109 18 18 102 108 92 92 101 107 19 19 104 110 16 16 102 108 92 92 103 109 18 18 81 111 17 17 104 110 16 16 103 109 18 18 79 112 15 15 104 110 16 16 81 111 17 17 105 113 34 34 40 40 35 35 38 38 36 36 106 114 33 33 40 40 35 35 105 113 34 34 107 115 32 32 106 114 33 33 105 113 34 34 108 116 31 31 106 114 33 33 107 115 32 32 109 117 30 30 108 116 31 31 107 115 32 32 110 118 29 29 108 116 31 31 109 117 30 30 111 119 28 28 110 118 29 29 109 117 30 30 112 120 27 27 110 118 29 29 111 119 28 28 28 28 26 26 112 120 27 27 111 119 28 28 115 123 95 95 114 122 94 94 113 121 93 93 116 124 96 96 114 122 94 94 115 123 95 95 117 125 97 97 116 124 96 96 115 123 95 95 118 126 98 98 116 124 96 96 117 125 97 97 119 127 99 99 118 126 98 98 117 125 97 97 120 128 100 100 118 126 98 98 119 127 99 99 121 129 101 101 120 128 100 100 119 127 99 99 122 130 102 102 120 128 100 100 121 129 101 101 123 131 103 103 29 29 27 27 31 31 29 29 124 132 43 43 29 29 27 27 123 131 103 103 125 133 104 104 124 132 43 43 123 131 103 103 126 134 41 41 124 132 43 43 125 133 104 104 127 135 105 105 126 134 41 41 125 133 104 104 128 136 39 39 126 134 41 41 127 135 105 105 35 35 33 33 128 136 39 39 127 135 105 105 37 37 35 35 128 136 39 39 35 35 33 33 131 139 108 108 130 138 107 107 129 137 106 106 132 140 109 109 130 138 107 107 131 139 108 108 133 141 110 110 132 140 109 109 131 139 108 108 134 142 111 111 132 140 109 109 133 141 110 110 135 143 112 112 134 142 111 111 133 141 110 110 136 144 113 113 134 142 111 111 135 143 112 112 137 145 114 114 136 144 113 113 135 143 112 112 138 146 115 115 136 144 113 113 137 145 114 114 141 123 118 118 140 122 117 117 139 121 116 116 142 124 119 119 140 122 117 117 141 123 118 118 143 125 120 120 142 124 119 119 141 123 118 118 144 126 121 121 142 124 119 119 143 125 120 120 145 127 122 122 144 126 121 121 143 125 120 120 146 128 123 123 144 126 121 121 145 127 122 122 147 129 124 124 146 128 123 123 145 127 122 122 148 130 125 125 146 128 123 123 147 129 124 124 151 149 126 126 150 148 42 42 149 147 40 40 152 150 127 127 150 148 42 42 151 149 126 126 153 151 128 128 152 150 127 127 151 149 126 126 154 152 126 126 152 150 127 127 153 151 128 128 155 153 129 129 154 152 126 126 153 151 128 128 41 41 38 38 154 152 126 126 155 153 129 129 39 39 37 37 41 41 38 38 155 153 129 129 12 12 11 11 156 154 72 72 14 14 13 13 157 155 3 3 156 154 72 72 12 12 11 11 158 156 5 5 157 155 3 3 12 12 11 11 159 157 4 4 157 155 3 3 158 156 5 5 160 158 6 6 159 157 4 4 158 156 5 5 161 159 130 130 159 157 4 4 160 158 6 6 162 160 131 131 161 159 130 130 160 158 6 6 165 163 134 134 164 162 133 133 163 161 132 132 166 164 135 135 164 162 133 133 165 163 134 134 167 165 136 136 166 164 135 135 165 163 134 134 168 166 134 134 166 164 135 135 167 165 136 136 169 167 137 137 168 166 134 134 167 165 136 136 53 168 138 138 168 166 134 134 169 167 137 137 54 169 139 139 53 168 138 138 169 167 137 137 172 94 82 82 171 95 80 80 170 96 140 140 173 93 81 81 171 95 80 80 172 94 82 82 174 92 83 83 173 93 81 81 172 94 82 82 175 91 79 79 173 93 81 81 174 92 83 83 176 90 87 87 175 91 79 79 174 92 83 83 177 89 89 89 175 91 79 79 176 90 87 87 178 100 88 88 177 89 89 89 176 90 87 87 179 99 78 78 175 91 79 79 177 89 77 77 171 95 80 80 175 91 79 79 179 99 78 78 180 97 141 141 171 95 80 80 179 99 78 78 170 96 140 140 171 95 80 80 180 97 141 141 181 98 142 142 170 96 140 140 180 97 141 141 182 170 143 143 170 96 140 140 181 98 142 142 183 171 144 144 182 170 143 143 181 98 142 142 126 134 41 41 150 148 42 42 124 132 43 43 149 147 40 40 150 148 42 42 126 134 41 41 128 136 39 39 149 147 40 40 126 134 41 41 184 172 38 38 149 147 40 40 128 136 39 39 37 37 35 35 184 172 38 38 128 136 39 39 39 39 37 37 184 172 38 38 37 37 35 35 22 22 20 20 185 173 91 91 24 24 22 22 186 174 145 145 185 173 91 91 22 22 20 20 187 175 2 2 186 174 145 145 22 22 20 20 188 176 146 146 186 174 145 145 187 175 2 2 159 157 4 4 188 176 146 146 187 175 2 2 161 159 130 130 188 176 146 146 159 157 4 4 84 90 78 78 94 100 147 147 83 89 77 77 189 177 142 142 94 100 147 147 84 90 78 78 190 178 141 141 189 177 142 142 84 90 78 78 191 179 140 140 189 177 142 142 190 178 141 141 86 92 80 80 191 179 140 140 190 178 141 141 88 94 82 82 191 179 140 140 86 92 80 80 27 182 150 150 192 181 149 149 96 180 148 148 193 183 151 151 192 181 149 149 27 182 150 150 194 184 149 149 193 183 151 151 27 182 150 150 195 185 152 152 193 183 151 151 194 184 149 149 185 186 153 153 195 185 152 152 194 184 149 149 186 187 154 154 195 185 152 152 185 186 153 153 196 190 71 71 156 189 72 72 157 188 3 3 197 191 73 73 156 189 72 72 196 190 71 71 198 192 75 75 197 191 73 73 196 190 71 71 199 193 74 74 197 191 73 73 198 192 75 75 16 194 15 15 199 193 74 74 198 192 75 75 14 195 13 13 199 193 74 74 16 194 15 15 202 198 96 96 201 197 95 95 200 196 94 94 203 199 97 97 201 197 95 95 202 198 96 96 204 200 98 98 203 199 97 97 202 198 96 96 205 201 99 99 203 199 97 97 204 200 98 98 206 202 100 100 205 201 99 99 204 200 98 98 207 203 101 101 205 201 99 99 206 202 100 100 106 114 33 33 42 42 39 39 40 40 35 35 208 204 105 105 42 42 39 39 106 114 33 33 108 116 31 31 208 204 105 105 106 114 33 33 209 205 103 103 208 204 105 105 108 116 31 31 110 118 29 29 209 205 103 103 108 116 31 31 112 120 27 27 209 205 103 103 110 118 29 29 212 198 119 119 211 197 118 118 210 196 117 117 213 199 120 120 211 197 118 118 212 198 119 119 214 200 121 121 213 199 120 120 212 198 119 119 215 201 122 122 213 199 120 120 214 200 121 121 216 202 123 123 215 201 122 122 214 200 121 121 217 203 124 124 215 201 122 122 216 202 123 123 169 167 137 137 56 206 155 155 54 169 139 139 218 207 156 156 56 206 155 155 169 167 137 137 167 165 136 136 218 207 156 156 169 167 137 137 219 208 137 137 218 207 156 156 167 165 136 136 165 163 134 134 219 208 137 137 167 165 136 136 220 209 138 138 219 208 137 137 165 163 134 134 20 211 0 0 157 188 3 3 221 210 1 1 196 190 71 71 157 188 3 3 20 211 0 0 222 212 76 76 196 190 71 71 20 211 0 0 198 192 75 75 196 190 71 71 222 212 76 76 18 213 17 17 198 192 75 75 222 212 76 76 16 194 15 15 198 192 75 75 18 213 17 17 10 10 7 7 158 156 5 5 12 12 11 11 160 158 6 6 158 156 5 5 10 10 7 7 8 8 8 8 160 158 6 6 10 10 7 7 162 160 131 131 160 158 6 6 8 8 8 8 223 214 157 157 162 160 131 131 8 8 8 8 46 46 43 43 209 205 103 103 112 120 27 27 224 215 104 104 209 205 103 103 46 46 43 43 44 44 41 41 224 215 104 104 46 46 43 43 208 204 105 105 224 215 104 104 44 44 41 41 42 42 39 39 208 204 105 105 44 44 41 41 164 162 133 133 49 216 158 158 163 161 132 132 51 217 132 132 49 216 158 158 164 162 133 133 168 166 134 134 51 217 132 132 164 162 133 133 52 218 159 159 51 217 132 132 168 166 134 134 53 168 138 138 52 218 159 159 168 166 134 134 225 178 85 85 176 90 87 87 174 92 83 83 226 177 86 86 176 90 87 87 225 178 85 85 227 179 84 84 226 177 86 86 225 178 85 85 182 170 160 160 226 177 86 86 227 179 84 84 228 219 161 161 182 170 160 160 227 179 84 84 189 177 142 142 229 171 144 144 94 100 147 147 230 170 143 143 229 171 144 144 189 177 142 142 191 179 140 140 230 170 143 143 189 177 142 142 231 219 162 162 230 170 143 143 191 179 140 140 88 94 82 82 231 219 162 162 191 179 140 140 195 185 152 152 233 221 163 163 232 220 154 154 234 222 164 164 233 221 163 163 195 185 152 152 235 223 163 163 234 222 164 164 195 185 152 152 162 224 165 165 234 222 164 164 235 223 163 163 161 225 166 166 162 224 165 165 235 223 163 163 238 228 169 169 237 227 168 168 236 226 167 167 200 196 170 170 237 227 168 168 238 228 169 169 206 202 171 171 200 196 170 170 238 228 169 169 204 200 172 172 200 196 170 170 206 202 171 171 150 229 175 175 29 229 174 174 124 229 173 173 28 229 176 176 29 229 174 174 150 229 175 175 152 229 177 177 28 229 176 176 150 229 175 175 45 229 175 175 28 229 176 176 152 229 177 177 241 93 180 180 240 93 179 179 239 93 178 178 242 93 181 181 240 93 179 179 241 93 180 180 243 93 182 182 242 93 181 181 241 93 180 180 244 93 183 183 242 93 181 181 243 93 182 182 245 230 184 184 9 9 9 9 11 11 10 10 246 231 10 10 9 9 9 9 245 230 184 184 247 232 51 51 246 231 10 10 245 230 184 184 248 233 12 12 246 231 10 10 247 232 51 51 249 234 185 185 23 23 21 21 25 25 23 23 250 235 92 92 23 23 21 21 249 234 185 185 50 236 44 44 250 235 92 92 249 234 185 185 17 17 16 16 250 235 92 92 50 236 44 44 253 239 188 188 252 238 187 187 251 237 186 186 217 203 189 189 252 238 187 187 253 239 188 188 211 197 190 190 217 203 189 189 253 239 188 188 213 199 191 191 217 203 189 189 211 197 190 190 55 240 51 51 11 11 10 10 13 13 12 12 245 230 184 184 11 11 10 10 55 240 51 51 57 241 53 53 245 230 184 184 55 240 51 51 247 232 51 51 245 230 184 184 57 241 53 53 256 228 194 194 255 227 193 193 254 226 192 192 210 196 195 195 255 227 193 193 256 228 194 194 216 202 196 196 210 196 195 195 256 228 194 194 214 200 197 197 210 196 195 195 216 202 196 196 77 243 13 13 248 233 12 12 257 242 14 14 258 244 11 11 248 233 12 12 77 243 13 13 75 245 72 72 258 244 11 11 77 243 13 13 3 3 3 3 258 244 11 11 75 245 72 72 60 63 200 200 64 67 199 199 62 65 198 198 66 69 201 201 64 67 199 199 60 63 200 200 70 73 202 202 66 69 201 201 60 63 200 200 68 71 203 203 66 69 201 201 70 73 202 202 261 93 181 181 260 93 182 182 259 93 180 180 262 93 183 183 260 93 182 182 261 93 181 181 263 93 204 204 262 93 183 183 261 93 181 181 264 93 205 205 262 93 183 183 263 93 204 204 265 246 206 206 131 139 108 108 129 137 106 106 266 247 207 207 131 139 108 108 265 246 206 206 267 248 208 208 266 247 207 207 265 246 206 206 137 145 114 114 266 247 207 207 267 248 208 208 270 250 210 210 269 249 204 204 268 249 209 209 242 250 181 181 269 249 204 204 270 250 210 210 271 251 211 211 242 250 181 181 270 250 210 210 240 251 179 179 242 250 181 181 271 251 211 211 274 171 210 210 273 171 213 213 272 171 212 212 275 171 214 214 273 171 213 213 274 171 210 210 276 171 211 211 275 171 214 214 274 171 210 210 277 171 215 215 275 171 214 214 276 171 211 211 278 252 216 216 32 32 30 30 30 30 28 28 279 253 217 217 32 32 30 30 278 252 216 216 109 117 30 30 279 253 217 217 278 252 216 216 107 115 32 32 279 253 217 217 109 117 30 30 47 254 44 44 102 108 92 92 104 110 16 16 249 234 185 185 102 108 92 92 47 254 44 44 48 255 45 45 249 234 185 185 47 254 44 44 50 236 44 44 249 234 185 185 48 255 45 45 280 256 218 218 30 30 28 28 28 28 26 26 278 252 216 216 30 30 28 28 280 256 218 218 111 119 28 28 278 252 216 216 280 256 218 218 109 117 30 30 278 252 216 216 111 119 28 28 282 171 212 212 268 171 209 209 281 171 219 219 270 171 210 210 268 171 209 209 282 171 212 212 283 171 213 213 270 171 210 210 282 171 212 212 284 171 214 214 270 171 210 210 283 171 213 213 287 239 222 222 286 238 221 221 285 237 220 220 207 203 223 223 286 238 221 221 287 239 222 222 201 197 224 224 207 203 223 223 287 239 222 222 203 199 225 225 207 203 223 223 201 197 224 224 99 105 20 20 0 0 0 0 101 107 19 19 2 2 2 2 0 0 0 0 99 105 20 20 232 257 145 145 2 2 2 2 99 105 20 20 288 258 146 146 2 2 2 2 232 257 145 145 279 253 217 217 34 34 32 32 32 32 30 30 36 36 34 34 34 34 32 32 279 253 217 217 289 259 226 226 36 36 34 34 279 253 217 217 292 93 229 229 291 260 228 228 290 260 227 227 293 93 230 230 291 260 228 228 292 93 229 229 294 229 231 231 293 93 230 230 292 93 229 229 294 229 231 231 296 171 233 233 295 171 232 232 297 229 234 234 296 171 233 233 294 229 231 231 292 93 229 229 297 229 234 234 294 229 231 231 123 131 103 103 127 135 105 105 125 133 104 104 33 33 31 31 127 135 105 105 123 131 103 103 31 31 29 29 33 33 31 31 123 131 103 103 151 149 126 126 155 153 129 129 153 151 128 128 184 172 38 38 155 153 129 129 151 149 126 126 149 147 40 40 184 172 38 38 151 149 126 126 154 152 126 126 45 45 42 42 152 150 127 127 43 43 40 40 45 45 42 42 154 152 126 126 41 41 38 38 43 43 40 40 154 152 126 126 134 142 111 111 298 261 235 235 132 140 109 109 299 262 236 236 298 261 235 235 134 142 111 111 300 263 237 237 299 262 236 236 134 142 111 111 114 122 170 170 120 128 171 171 122 130 169 169 118 126 172 172 120 128 171 171 114 122 170 170 116 124 238 238 118 126 172 172 114 122 170 170 121 129 223 223 115 123 224 224 113 121 222 222 117 125 225 225 115 123 224 224 121 129 223 223 119 127 239 239 117 125 225 225 121 129 223 223 210 196 117 117 251 237 241 241 255 227 240 240 253 239 116 116 251 237 241 241 210 196 117 117 211 197 118 118 253 239 116 116 210 196 117 117 217 203 124 124 254 226 243 243 252 238 242 242 256 228 125 125 254 226 243 243 217 203 124 124 216 202 123 123 256 228 125 125 217 203 124 124 63 66 246 246 73 76 245 245 61 64 244 244 69 72 247 247 73 76 245 245 63 66 246 246 67 70 248 248 69 72 247 247 63 66 246 246 276 265 211 211 301 264 178 178 277 264 215 215 302 265 179 179 301 264 178 178 276 265 211 211 261 266 181 181 302 265 179 179 276 265 211 211 305 260 228 228 304 171 250 250 303 171 249 249 306 260 227 227 304 171 250 250 305 260 228 228 307 93 229 229 306 260 227 227 305 260 228 228 200 196 94 94 285 237 252 252 237 227 251 251 287 239 93 93 285 237 252 252 200 196 94 94 201 197 95 95 287 239 93 93 200 196 94 94 207 203 101 101 236 226 254 254 286 238 253 253 238 228 102 102 236 226 254 254 207 203 101 101 206 202 100 100 238 228 102 102 207 203 101 101 140 122 195 195 146 128 196 196 148 130 194 194 144 126 197 197 146 128 196 196 140 122 195 195 142 124 255 255 144 126 197 197 140 122 195 195 147 129 189 189 141 123 190 190 139 121 188 188 143 125 191 191 141 123 190 190 147 129 189 189 145 127 256 256 143 125 191 191 147 129 189 189 310 75 245 245 309 65 246 246 308 63 244 244 311 71 247 247 309 65 246 246 310 75 245 245 312 73 257 257 311 71 247 247 310 75 245 245 195 185 152 152 192 181 149 149 193 183 151 151 97 267 153 153 192 181 149 149 195 185 152 152 232 220 154 154 97 267 153 153 195 185 152 152 80 86 75 75 76 82 73 73 78 84 74 74 74 80 71 71 76 82 73 73 80 86 75 75 82 88 76 76 74 80 71 71 80 86 75 75 233 221 163 163 288 268 258 258 232 220 154 154 313 269 166 166 288 268 258 258 233 221 163 163 314 270 165 165 313 269 166 166 233 221 163 163 100 106 21 21 25 25 23 23 98 104 22 22 249 234 185 185 25 25 23 23 100 106 21 21 102 108 92 92 249 234 185 185 100 106 21 21 315 271 260 260 129 137 106 106 130 138 259 259 265 246 206 206 129 137 106 106 315 271 260 260 267 248 261 261 265 246 206 206 315 271 260 260 89 95 83 83 93 99 87 87 91 97 85 85 85 91 79 79 93 99 87 87 89 95 83 83 87 93 81 81 85 91 79 79 89 95 83 83 90 96 84 84 231 219 161 161 88 94 82 82 230 170 160 160 231 219 161 161 90 96 84 84 92 98 86 86 230 170 160 160 90 96 84 84 179 99 78 78 181 98 142 142 180 97 141 141 178 100 147 147 181 98 142 142 179 99 78 78 177 89 77 77 178 100 147 147 179 99 78 78 226 177 86 86 178 100 88 88 176 90 87 87 183 171 262 262 178 100 88 88 226 177 86 86 182 170 160 160 183 171 262 262 226 177 86 86 234 222 164 164 314 270 165 165 233 221 163 163 223 272 263 263 314 270 165 165 234 222 164 164 162 224 165 165 223 272 263 263 234 222 164 164 235 223 163 163 188 273 258 258 161 225 166 166 186 187 154 154 188 273 258 258 235 223 163 163 195 185 152 152 186 187 154 154 235 223 163 163 296 171 250 250 291 260 228 228 295 171 249 249 290 260 227 227 291 260 228 228 296 171 250 250 317 275 221 221 113 121 222 222 316 274 220 220 121 129 223 223 113 121 222 222 317 275 221 221 316 274 252 252 114 122 94 94 318 276 251 251 113 121 93 93 114 122 94 94 316 274 252 252 318 276 168 168 122 130 169 169 319 277 167 167 114 122 170 170 122 130 169 169 318 276 168 168 319 277 254 254 121 129 101 101 317 275 253 253 122 130 102 102 121 129 101 101 319 277 254 254 283 278 266 266 244 278 265 265 243 278 264 264 282 278 267 267 244 278 265 265 283 278 266 266 244 93 183 183 269 93 204 204 242 93 181 181 320 93 205 205 269 93 204 204 244 93 183 183 258 244 11 11 246 231 10 10 248 233 12 12 7 7 7 7 246 231 10 10 258 244 11 11 26 26 24 24 185 173 91 91 321 279 90 90 24 24 22 22 185 173 91 91 26 26 24 24 284 171 214 214 271 171 211 211 270 171 210 210 322 171 215 215 271 171 211 211 284 171 214 214 20 20 0 0 187 175 2 2 22 22 20 20 221 280 1 1 187 175 2 2 20 20 0 0 187 175 2 2 157 155 3 3 159 157 4 4 221 280 1 1 157 155 3 3 187 175 2 2 239 281 178 178 271 251 211 211 322 281 215 215 240 251 179 179 271 251 211 211 239 281 178 178 96 102 24 24 25 25 23 23 27 27 25 25 98 104 22 22 25 25 23 23 96 102 24 24 298 261 269 269 300 263 237 237 138 146 268 268 299 262 236 236 300 263 237 237 298 261 269 269 112 229 174 174 45 229 175 175 46 229 173 173 28 229 176 176 45 229 175 175 112 229 174 174 309 65 58 58 324 68 59 59 323 66 57 57 325 67 60 60 324 68 59 59 309 65 58 58 5 5 5 5 258 244 11 11 3 3 3 3 7 7 7 7 258 244 11 11 5 5 5 5 229 171 262 262 92 98 86 86 94 100 88 88 230 170 160 160 92 98 86 86 229 171 262 262 327 70 61 61 325 67 60 60 326 69 62 62 324 68 59 59 325 67 60 60 327 70 61 61 328 72 63 63 326 69 62 62 311 71 64 64 327 70 61 61 326 69 62 62 328 72 63 63 288 258 146 146 4 4 4 4 2 2 2 2 313 282 130 130 4 4 4 4 288 258 146 146 329 74 65 65 311 71 64 64 312 73 66 66 328 72 63 63 311 71 64 64 329 74 65 65 313 282 130 130 6 6 6 6 4 4 4 4 314 283 131 131 6 6 6 6 313 282 130 130 228 219 162 162 170 96 140 140 182 170 143 143 172 94 82 82 170 96 140 140 228 219 162 162 330 76 67 67 312 73 66 66 310 75 68 68 329 74 65 65 312 73 66 66 330 76 67 67 331 64 69 69 310 75 68 68 308 63 70 70 330 76 67 67 310 75 68 68 331 64 69 69 314 283 131 131 8 8 8 8 6 6 6 6 223 214 157 157 8 8 8 8 314 283 131 131 174 92 83 83 227 179 84 84 225 178 85 85 172 94 82 82 227 179 84 84 174 92 83 83 308 63 56 56 323 66 57 57 331 64 55 55 309 65 58 58 323 66 57 57 308 63 56 56 326 69 248 248 309 65 246 246 311 71 247 247 325 67 270 270 309 65 246 246 326 69 248 248 103 109 18 18 0 0 0 0 81 111 17 17 101 107 19 19 0 0 0 0 103 109 18 18 79 112 15 15 257 242 14 14 104 110 16 16 77 243 13 13 257 242 14 14 79 112 15 15 331 64 200 200 329 74 202 202 330 76 271 271 327 70 201 201 329 74 202 202 331 64 200 200 324 68 199 199 331 64 200 200 323 66 198 198 327 70 201 201 331 64 200 200 324 68 199 199 332 284 159 159 165 163 134 134 163 161 132 132 220 209 138 138 165 163 134 134 332 284 159 159 334 277 243 243 147 129 124 124 333 275 242 242 148 130 125 125 147 129 124 124 334 277 243 243 335 285 139 139 219 208 137 137 220 209 138 138 59 286 155 155 219 208 137 137 335 285 139 139 59 286 155 155 218 207 156 156 219 208 137 137 58 287 272 272 218 207 156 156 59 286 155 155 336 276 193 193 148 130 194 194 334 277 192 192 140 122 195 195 148 130 194 194 336 276 193 193 47 47 44 44 163 288 47 47 49 49 46 46 104 289 16 16 163 288 47 47 47 47 44 44 104 289 16 16 332 290 48 48 163 288 47 47 257 291 14 14 332 290 48 48 104 289 16 16 257 291 14 14 220 292 49 49 332 290 48 48 248 293 12 12 220 292 49 49 257 291 14 14 248 293 12 12 335 294 50 50 220 292 49 49 247 295 51 51 335 294 50 50 248 293 12 12 247 295 51 51 59 62 52 52 335 294 50 50 57 60 53 53 59 62 52 52 247 295 51 51 337 274 241 241 140 122 117 117 336 276 240 240 139 121 116 116 140 122 117 117 337 274 241 241 289 259 273 273 38 38 36 36 36 36 34 34 105 113 34 34 38 38 36 36 289 259 273 273 339 171 209 209 272 171 212 212 338 171 219 219 274 171 210 210 272 171 212 212 339 171 209 209 333 275 187 187 139 121 188 188 337 274 186 186 147 129 189 189 139 121 188 188 333 275 187 187 304 171 233 233 340 229 231 231 303 171 232 232 341 229 234 234 340 229 231 231 304 171 233 233 342 93 230 230 307 93 229 229 305 260 228 228 340 229 231 231 307 93 229 229 342 93 230 230 262 296 265 265 338 296 219 219 272 296 267 267 264 296 205 205 338 296 219 219 262 296 265 265 244 297 265 265 281 297 219 219 320 297 205 205 282 297 267 267 281 297 219 219 244 297 265 265 105 113 34 34 279 253 217 217 107 115 32 32 289 259 226 226 279 253 217 217 105 113 34 34 263 298 204 204 338 298 219 219 264 298 205 205 339 298 209 209 338 298 219 219 263 298 204 204 259 299 275 275 273 299 266 266 275 299 274 274 260 299 264 264 273 299 266 266 259 299 275 275 14 195 13 13 197 191 73 73 199 193 74 74 156 189 72 72 197 191 73 73 14 195 13 13 273 300 266 266 262 300 265 265 272 300 267 267 260 300 264 264 262 300 265 265 273 300 266 266 269 301 204 204 281 301 219 219 268 301 209 209 320 301 205 205 281 301 219 219 269 301 204 204 241 302 275 275 283 302 266 266 243 302 264 264 284 302 274 274 283 302 266 266 241 302 275 275 263 303 204 204 274 266 210 210 339 303 209 209 261 266 181 181 274 266 210 210 263 303 204 204 302 93 179 179 259 93 180 180 301 93 178 178 261 93 181 181 259 93 180 180 302 93 179 179 131 139 108 108 135 143 112 112 133 141 110 110 266 247 207 207 135 143 112 112 131 139 108 108 19 19 18 18 250 235 92 92 17 17 16 16 21 21 19 19 250 235 92 92 19 19 18 18 136 144 113 113 300 263 237 237 134 142 111 111 138 146 115 115 300 263 237 237 136 144 113 113 212 198 255 255 210 196 195 195 214 200 197 197 215 201 256 256 217 203 189 189 213 199 191 191 72 75 271 271 70 73 202 202 60 63 200 200 71 74 257 257 73 76 245 245 69 72 247 247 65 68 270 270 67 70 248 248 63 66 246 246 274 266 210 210 261 266 181 181 276 265 211 211 341 229 234 234 307 93 229 229 340 229 231 231 202 198 238 238 200 196 170 170 204 200 172 172 205 201 239 239 207 203 223 223 203 199 225 225 328 72 203 203 329 74 202 202 327 70 201 201 192 304 149 149 95 304 276 276 96 304 148 148 192 181 149 149 97 267 153 153 95 305 276 276 232 257 145 145 99 105 20 20 97 103 91 91 194 184 149 149 27 182 150 150 26 306 148 148 321 307 276 276 194 307 149 149 26 307 148 148 185 186 153 153 194 184 149 149 321 308 276 276 20 211 0 0 18 213 17 17 222 212 76 76 23 23 21 21 250 235 92 92 21 21 19 19 7 7 7 7 9 9 9 9 246 231 10 10 93 99 87 87 85 91 79 79 83 89 89 89 86 92 80 80 190 178 141 141 84 90 78 78 183 171 144 144 181 98 142 142 178 100 147 147 171 95 80 80 173 93 81 81 175 91 79 79 227 179 84 84 172 94 82 82 228 219 161 161 164 162 133 133 166 164 135 135 168 166 134 134 56 206 155 155 218 207 156 156 58 287 272 272 209 205 103 103 224 215 104 104 208 204 105 105 280 256 218 218 28 28 26 26 111 119 28 28 127 135 105 105 33 33 31 31 35 35 33 33 155 153 129 129 184 172 38 38 39 39 37 37 266 247 207 207 137 145 114 114 135 143 112 112 345 311 279 279 344 310 278 278 343 309 277 277 346 312 280 280 344 310 278 278 345 311 279 279 347 313 281 281 346 312 280 280 345 311 279 279 348 314 282 282 346 312 280 280 347 313 281 281 349 315 283 283 348 314 282 282 347 313 281 281 350 316 284 284 348 314 282 282 349 315 283 283 351 317 285 285 350 316 284 284 349 315 283 283 352 318 286 286 350 316 284 284 351 317 285 285 353 319 287 287 352 318 286 286 351 317 285 285 354 320 288 288 352 318 286 286 353 319 287 287 355 321 289 289 354 320 288 288 353 319 287 287 356 322 290 290 354 320 288 288 355 321 289 289 357 323 291 291 356 322 290 290 355 321 289 289 358 324 292 292 356 322 290 290 357 323 291 291 359 325 293 293 358 324 292 292 357 323 291 291 360 326 294 294 358 324 292 292 359 325 293 293 343 309 295 295 360 326 294 294 359 325 293 293 363 329 298 298 362 328 297 297 361 327 296 296 364 330 299 299 362 328 297 297 363 329 298 298 365 331 300 300 364 330 299 299 363 329 298 298 366 332 301 301 364 330 299 299 365 331 300 300 367 333 302 302 366 332 301 301 365 331 300 300 368 334 303 303 366 332 301 301 367 333 302 302 369 335 304 304 368 334 303 303 367 333 302 302 370 336 305 305 368 334 303 303 369 335 304 304 371 337 306 306 370 336 305 305 369 335 304 304 372 338 307 307 370 336 305 305 371 337 306 306 373 339 308 308 372 338 307 307 371 337 306 306 374 340 309 309 372 338 307 307 373 339 308 308 375 341 310 310 374 340 309 309 373 339 308 308 376 342 311 311 374 340 309 309 375 341 310 310 361 327 312 312 376 342 311 311 375 341 310 310 362 328 313 313 376 342 311 311 361 327 312 312 379 329 316 316 378 328 315 315 377 327 314 314 380 330 317 317 378 328 315 315 379 329 316 316 381 331 318 318 380 330 317 317 379 329 316 316 382 332 319 319 380 330 317 317 381 331 318 318 383 333 320 320 382 332 319 319 381 331 318 318 384 334 321 321 382 332 319 319 383 333 320 320 385 335 322 322 384 334 321 321 383 333 320 320 386 336 323 323 384 334 321 321 385 335 322 322 387 337 324 324 386 336 323 323 385 335 322 322 388 338 325 325 386 336 323 323 387 337 324 324 389 339 326 326 388 338 325 325 387 337 324 324 390 340 327 327 388 338 325 325 389 339 326 326 391 341 328 328 390 340 327 327 389 339 326 326 392 342 329 329 390 340 327 327 391 341 328 328 377 327 330 330 392 342 329 329 391 341 328 328 378 328 331 331 392 342 329 329 377 327 330 330 395 345 334 334 394 344 333 333 393 343 332 332 396 346 335 335 394 344 333 333 395 345 334 334 397 347 336 336 396 346 335 335 395 345 334 334 398 348 337 337 396 346 335 335 397 347 336 336 399 349 338 338 398 348 337 337 397 347 336 336 400 350 339 339 398 348 337 337 399 349 338 338 401 351 340 340 400 350 339 339 399 349 338 338 402 352 341 341 400 350 339 339 401 351 340 340 403 353 342 342 402 352 341 341 401 351 340 340 404 354 343 343 402 352 341 341 403 353 342 342 405 355 344 344 404 354 343 343 403 353 342 342 406 356 345 345 404 354 343 343 405 355 344 344 394 344 346 346 406 356 345 345 405 355 344 344 407 357 347 347 406 356 345 345 394 344 346 346 408 358 348 348 407 357 347 347 394 344 346 346 411 93 351 351 410 359 350 350 409 359 349 349 412 93 352 352 410 359 350 350 411 93 351 351 413 360 353 353 412 93 352 352 411 93 351 351 414 360 354 354 412 93 352 352 413 360 353 353 415 361 355 355 414 360 354 354 413 360 353 353 416 361 356 356 414 360 354 354 415 361 355 355 417 171 357 357 416 361 356 356 415 361 355 355 418 171 358 358 416 361 356 356 417 171 357 357 419 362 359 359 418 171 358 358 417 171 357 357 420 362 360 360 418 171 358 358 419 362 359 359 409 359 361 361 420 362 360 360 419 362 359 359 410 359 362 362 420 362 360 360 409 359 361 361 423 316 287 287 422 364 288 288 421 363 289 289 424 318 286 286 422 364 288 288 423 316 287 287 425 317 285 285 424 318 286 286 423 316 287 287 426 319 284 284 424 318 286 286 425 317 285 285 427 365 283 283 426 319 284 284 425 317 285 285 428 366 282 282 426 319 284 284 427 365 283 283 429 367 281 281 428 366 282 282 427 365 283 283 430 368 280 280 428 366 282 282 429 367 281 281 431 309 279 279 430 368 280 280 429 367 281 281 432 369 278 278 430 368 280 280 431 309 279 279 433 311 277 277 432 369 278 278 431 309 279 279 434 370 363 363 432 369 278 278 433 311 277 277 437 373 366 366 436 372 365 365 435 371 364 364 438 374 367 367 436 372 365 365 437 373 366 366 439 375 368 368 438 374 367 367 437 373 366 366 440 376 369 369 438 374 367 367 439 375 368 368 441 377 370 370 440 376 369 369 439 375 368 368 442 378 371 371 440 376 369 369 441 377 370 370 443 379 372 372 442 378 371 371 441 377 370 370 444 380 373 373 442 378 371 371 443 379 372 372 445 381 374 374 444 380 373 373 443 379 372 372 446 382 375 375 444 380 373 373 445 381 374 374 435 371 376 376 446 382 375 375 445 381 374 374 436 372 377 377 446 382 375 375 435 371 376 376 449 385 380 380 448 384 379 379 447 383 378 378 450 386 381 381 448 384 379 379 449 385 380 380 451 387 382 382 450 386 381 381 449 385 380 380 452 388 383 383 450 386 381 381 451 387 382 382 453 389 384 384 452 388 383 383 451 387 382 382 454 390 385 385 452 388 383 383 453 389 384 384 455 391 386 386 454 390 385 385 453 389 384 384 456 392 387 387 454 390 385 385 455 391 386 386 457 393 388 388 456 392 387 387 455 391 386 386 458 394 389 389 456 392 387 387 457 393 388 388 459 395 390 390 458 394 389 389 457 393 388 388 462 398 393 393 461 397 392 392 460 396 391 391 463 399 394 394 461 397 392 392 462 398 393 393 464 400 395 395 463 399 394 394 462 398 393 393 465 401 396 396 463 399 394 394 464 400 395 395 466 402 397 397 465 401 396 396 464 400 395 395 467 403 398 398 465 401 396 396 466 402 397 397 468 404 399 399 467 403 398 398 466 402 397 397 469 405 400 400 467 403 398 398 468 404 399 399 470 406 401 401 469 405 400 400 468 404 399 399 471 407 402 402 469 405 400 400 470 406 401 401 473 409 290 290 422 364 288 288 472 408 403 403 421 363 289 289 422 364 288 288 473 409 290 290 474 410 291 291 421 363 289 289 473 409 290 290 423 316 287 287 421 363 289 289 474 410 291 291 475 411 404 404 423 316 287 287 474 410 291 291 427 365 283 283 423 316 287 287 475 411 404 404 476 412 405 405 427 365 283 283 475 411 404 404 429 367 281 281 427 365 283 283 476 412 405 405 477 413 406 406 429 367 281 281 476 412 405 405 431 309 279 279 429 367 281 281 477 413 406 406 480 415 391 391 479 406 408 408 478 414 407 407 481 404 393 393 479 406 408 408 480 415 391 391 482 403 392 392 481 404 393 393 480 415 391 391 483 402 394 394 481 404 393 393 482 403 392 392 484 401 396 396 483 402 394 394 482 403 392 392 485 400 395 395 483 402 394 394 484 401 396 396 486 399 397 397 485 400 395 395 484 401 396 396 487 398 399 399 485 400 395 395 486 399 397 397 488 397 398 398 487 398 399 399 486 399 397 397 489 416 400 400 487 398 399 399 488 397 398 398 492 419 381 381 491 418 380 380 490 417 379 379 493 420 382 382 491 418 380 380 492 419 381 381 494 421 383 383 493 420 382 382 492 419 381 381 495 422 384 384 493 420 382 382 494 421 383 383 496 423 385 385 495 422 384 384 494 421 383 383 497 424 386 386 495 422 384 384 496 423 385 385 498 425 387 387 497 424 386 386 496 423 385 385 499 426 388 388 497 424 386 386 498 425 387 387 500 427 389 389 499 426 388 388 498 425 387 387 501 428 390 390 499 426 388 388 500 427 389 389 396 346 335 335 408 358 409 409 394 344 333 333 502 429 410 410 408 358 409 409 396 346 335 335 398 348 337 337 502 429 410 410 396 346 335 335 503 430 411 411 502 429 410 410 398 348 337 337 400 350 339 339 503 430 411 411 398 348 337 337 504 431 412 412 503 430 411 411 400 350 339 339 402 352 341 341 504 431 412 412 400 350 339 339 505 432 413 413 504 431 412 412 402 352 341 341 506 433 414 414 505 432 413 413 402 352 341 341 509 436 417 417 508 435 416 416 507 434 415 415 510 437 418 418 508 435 416 416 509 436 417 417 511 438 419 419 510 437 418 418 509 436 417 417 512 439 420 420 510 437 418 418 511 438 419 419 513 440 421 421 512 439 420 420 511 438 419 419 470 441 422 422 512 439 420 420 513 440 421 421 514 442 423 423 470 441 422 422 513 440 421 421 471 443 424 424 470 441 422 422 514 442 423 423 515 434 425 425 471 443 424 424 514 442 423 423 518 446 428 428 517 445 427 427 516 444 426 426 519 447 429 429 517 445 427 427 518 446 428 428 520 448 430 430 519 447 429 429 518 446 428 428 521 449 431 431 519 447 429 429 520 448 430 430 522 450 432 432 521 449 431 431 520 448 430 430 523 451 433 433 521 449 431 431 522 450 432 432 524 452 434 434 523 451 433 433 522 450 432 432 525 453 435 435 523 451 433 433 524 452 434 434 526 454 436 436 525 453 435 435 524 452 434 434 529 457 439 439 528 456 438 438 527 455 437 437 530 458 440 440 528 456 438 438 529 457 439 439 531 459 441 441 530 458 440 440 529 457 439 439 532 460 442 442 530 458 440 440 531 459 441 441 533 461 443 443 532 460 442 442 531 459 441 441 534 462 444 444 532 460 442 442 533 461 443 443 535 463 445 445 534 462 444 444 533 461 443 443 536 464 446 446 534 462 444 444 535 463 445 445 538 467 449 449 527 466 448 448 537 465 447 447 539 468 450 450 527 466 448 448 538 467 449 449 540 469 451 451 539 468 450 450 538 467 449 449 541 470 452 452 539 468 450 450 540 469 451 451 542 471 453 453 541 470 452 452 540 469 451 451 543 472 454 454 541 470 452 452 542 471 453 453 544 452 455 455 543 472 454 454 542 471 453 453 545 450 456 456 543 472 454 454 544 452 455 455 426 319 284 284 546 320 457 457 424 318 286 286 547 321 458 458 546 320 457 457 426 319 284 284 548 473 459 459 547 321 458 458 426 319 284 284 549 322 460 460 547 321 458 458 548 473 459 459 550 474 461 461 549 322 460 460 548 473 459 459 551 475 462 462 549 322 460 460 550 474 461 461 552 476 463 463 551 475 462 462 550 474 461 461 473 409 464 464 551 475 462 462 552 476 463 463 555 478 467 467 554 466 466 466 553 477 465 465 556 468 468 468 554 466 466 466 555 478 467 467 557 469 469 469 556 468 468 468 555 478 467 467 558 470 470 470 556 468 468 468 557 469 469 469 559 471 456 456 558 470 470 470 557 469 469 469 560 472 454 454 558 470 470 470 559 471 456 456 524 452 455 455 560 472 454 454 559 471 456 456 522 450 453 453 560 472 454 454 524 452 455 455 344 310 278 278 360 326 363 363 343 309 277 277 561 479 461 461 360 326 363 363 344 310 278 278 562 480 459 459 561 479 461 461 344 310 278 278 563 409 460 460 561 479 461 461 562 480 459 459 564 363 458 458 563 409 460 460 562 480 459 459 565 364 457 457 563 409 460 460 564 363 458 458 350 316 284 284 565 364 457 457 564 363 458 458 352 318 286 286 565 364 457 457 350 316 284 284 568 448 473 473 567 482 472 472 566 481 471 471 569 449 474 474 567 482 472 472 568 448 473 473 545 450 475 475 569 449 474 474 568 448 473 473 570 451 436 436 569 449 474 474 545 450 475 475 544 452 434 434 570 451 436 436 545 450 475 475 571 453 435 435 570 451 436 436 544 452 434 434 572 454 433 433 571 453 435 435 544 452 434 434 359 325 293 293 573 483 476 476 343 309 295 295 574 484 477 477 573 483 476 476 359 325 293 293 357 323 291 291 574 484 477 477 359 325 293 293 575 485 404 404 574 484 477 477 357 323 291 291 353 319 287 287 575 485 404 404 357 323 291 291 349 315 283 283 575 485 404 404 353 319 287 287 351 317 285 285 349 315 283 283 353 319 287 287 578 460 440 440 577 461 439 439 576 462 438 438 579 459 441 441 577 461 439 439 578 460 440 440 580 458 442 442 579 459 441 441 578 460 440 440 581 457 443 443 579 459 441 441 580 458 442 442 582 456 444 444 581 457 443 443 580 458 442 442 554 455 445 445 581 457 443 443 582 456 444 444 553 486 446 446 554 455 445 445 582 456 444 444 489 416 480 480 584 488 479 479 583 487 478 478 585 489 481 481 584 488 479 479 489 416 480 480 488 397 482 482 585 489 481 481 489 416 480 480 586 490 483 483 585 489 481 481 488 397 482 482 484 401 484 484 586 490 483 483 488 397 482 482 587 491 485 485 586 490 483 483 484 401 484 484 588 492 486 486 587 491 485 485 484 401 484 484 556 468 468 468 581 493 487 487 554 466 466 466 589 494 488 488 581 493 487 487 556 468 468 468 590 495 489 489 589 494 488 488 556 468 468 468 591 496 450 450 589 494 488 488 590 495 489 489 592 497 452 452 591 496 450 450 590 495 489 489 520 448 451 451 591 496 450 450 592 497 452 452 522 450 453 453 520 448 451 451 592 497 452 452 593 436 423 423 583 435 424 424 584 434 425 425 594 437 422 422 583 435 424 424 593 436 423 423 595 438 421 421 594 437 422 422 593 436 423 423 596 439 420 420 594 437 422 422 595 438 421 421 597 440 419 419 596 439 420 420 595 438 421 421 479 441 418 418 596 439 420 420 597 440 419 419 598 442 417 417 479 441 418 418 597 440 419 419 535 499 466 466 566 481 467 467 536 498 465 465 599 496 468 468 566 481 467 467 535 499 466 466 533 500 487 487 599 496 468 468 535 499 466 466 600 494 488 488 599 496 468 468 533 500 487 487 531 501 490 490 600 494 488 488 533 500 487 487 529 493 491 491 600 494 488 488 531 501 490 490 603 504 494 494 602 503 493 493 601 502 492 492 604 505 495 495 602 503 493 493 603 504 494 494 605 506 496 496 604 505 495 495 603 504 494 494 606 507 497 497 604 505 495 495 605 506 496 496 607 508 498 498 606 507 497 497 605 506 496 496 608 509 499 499 606 507 497 497 607 508 498 498 567 260 502 502 609 260 501 501 530 260 500 500 610 260 503 503 609 260 501 501 567 260 502 502 569 260 504 504 610 260 503 503 567 260 502 502 572 260 505 505 610 260 503 503 569 260 504 504 570 260 506 506 572 260 505 505 569 260 504 504 571 260 507 507 572 260 505 505 570 260 506 506 611 499 448 448 518 446 449 449 516 444 447 447 591 496 450 450 518 446 449 449 611 499 448 448 577 500 491 491 591 496 450 450 611 499 448 448 589 494 488 488 591 496 450 450 577 500 491 491 579 501 490 490 589 494 488 488 577 500 491 491 581 493 487 487 589 494 488 488 579 501 490 490 614 357 414 414 613 511 341 341 612 510 413 413 615 356 343 343 613 511 341 341 614 357 414 414 616 354 345 345 615 356 343 343 614 357 414 414 617 353 344 344 615 356 343 343 616 354 345 345 618 512 346 346 617 353 344 344 616 354 345 345 619 513 508 508 617 353 344 344 618 512 346 346 559 471 475 475 526 454 436 436 524 452 434 434 620 514 474 474 526 454 436 436 559 471 475 475 557 469 473 473 620 514 474 474 559 471 475 475 621 515 472 472 620 514 474 474 557 469 473 473 555 478 471 471 621 515 472 472 557 469 473 473 553 477 509 509 621 515 472 472 555 478 471 471 624 419 512 512 623 418 511 511 622 417 510 510 625 420 513 513 623 418 511 511 624 419 512 512 626 421 514 514 625 420 513 513 624 419 512 512 627 422 515 515 625 420 513 513 626 421 514 514 628 423 516 516 627 422 515 515 626 421 514 514 629 424 517 517 627 422 515 515 628 423 516 516 599 496 468 468 568 448 469 469 566 481 467 467 630 497 470 470 568 448 469 469 599 496 468 468 631 495 489 489 630 497 470 470 599 496 468 468 543 472 454 454 630 497 470 470 631 495 489 489 541 470 452 452 543 472 454 454 631 495 489 489 634 518 477 477 633 517 476 476 632 516 518 518 635 519 293 293 633 517 476 476 634 518 477 477 474 410 291 291 635 519 293 293 634 518 477 477 552 476 292 292 635 519 293 293 474 410 291 291 473 409 290 290 552 476 292 292 474 410 291 291 521 260 503 503 621 260 502 502 519 260 501 501 620 260 504 504 621 260 502 502 521 260 503 503 523 260 505 505 620 260 504 504 521 260 503 503 526 260 506 506 620 260 504 504 523 260 505 505 525 260 507 507 526 260 506 506 523 260 505 505 623 418 511 511 637 428 520 520 636 520 519 519 638 426 521 521 637 428 520 520 623 418 511 511 629 424 517 517 638 426 521 521 623 418 511 511 639 425 522 522 638 426 521 521 629 424 517 517 628 423 516 516 639 425 522 522 629 424 517 517 550 474 461 461 434 370 363 363 552 476 463 463 432 369 278 278 434 370 363 363 550 474 461 461 548 473 459 459 432 369 278 278 550 474 461 461 430 368 280 280 432 369 278 278 548 473 459 459 428 366 282 282 430 368 280 280 548 473 459 459 604 505 525 525 601 502 524 524 602 503 523 523 640 521 526 526 601 502 524 524 604 505 525 525 606 507 527 527 640 521 526 526 604 505 525 525 641 522 528 528 640 521 526 526 606 507 527 527 642 523 529 529 641 522 528 528 606 507 527 527 619 513 532 532 643 355 531 531 617 353 530 530 644 524 533 533 643 355 531 531 619 513 532 532 645 525 534 534 644 524 533 533 619 513 532 532 646 526 535 535 644 524 533 533 645 525 534 534 647 527 536 536 646 526 535 535 645 525 534 534 585 260 539 539 593 260 538 538 584 260 537 537 595 260 540 540 593 260 538 538 585 260 539 539 648 260 541 541 595 260 540 540 585 260 539 539 597 260 542 542 595 260 540 540 648 260 541 541 598 260 543 543 597 260 542 542 648 260 541 541 651 391 517 517 650 385 511 511 649 393 521 521 652 387 513 513 650 385 511 511 651 391 517 517 653 389 515 515 652 387 513 513 651 391 517 517 654 388 514 514 652 387 513 513 653 389 515 515 655 390 516 516 654 388 514 514 653 389 515 515 561 479 461 461 358 324 463 463 360 326 363 363 656 475 462 462 358 324 463 463 561 479 461 461 563 409 460 460 656 475 462 462 561 479 461 461 657 408 544 544 656 475 462 462 563 409 460 460 565 364 457 457 657 408 544 544 563 409 460 460 659 490 486 486 465 401 484 484 658 491 485 485 461 397 545 545 465 401 484 484 659 490 486 486 660 528 546 546 461 397 545 545 659 490 486 486 460 396 547 547 461 397 545 545 660 528 546 546 508 529 548 548 460 396 547 547 660 528 546 546 663 505 551 551 662 502 550 550 661 503 549 549 664 521 552 552 662 502 550 550 663 505 551 551 665 507 553 553 664 521 552 552 663 505 551 551 666 522 554 554 664 521 552 552 665 507 553 553 667 523 555 555 666 522 554 554 665 507 553 553 451 387 382 382 455 391 386 386 453 389 384 384 457 393 388 388 455 391 386 386 451 387 382 382 449 385 380 380 457 393 388 388 451 387 382 382 459 395 390 390 457 393 388 388 449 385 380 380 668 530 556 556 459 395 390 390 449 385 380 380 482 403 545 545 588 492 486 486 484 401 484 484 648 531 546 546 588 492 486 486 482 403 545 545 480 415 547 547 648 531 546 546 482 403 545 545 478 414 548 548 648 531 546 546 480 415 547 547 670 395 520 520 650 385 511 511 669 530 519 519 649 393 521 521 650 385 511 511 670 395 520 520 671 394 557 557 649 393 521 521 670 395 520 520 672 392 522 522 649 393 521 521 671 394 557 557 574 484 477 477 673 532 518 518 573 483 476 476 674 533 405 405 673 532 518 518 574 484 477 477 575 485 404 404 674 533 405 405 574 484 477 477 349 315 283 283 674 533 405 405 575 485 404 404 549 322 460 460 546 320 457 457 547 321 458 458 472 408 544 544 546 320 457 457 549 322 460 460 551 475 462 462 472 408 544 544 549 322 460 460 473 409 464 464 472 408 544 544 551 475 462 462 476 412 405 405 632 516 518 518 477 413 406 406 634 518 477 477 632 516 518 518 476 412 405 405 475 411 404 404 634 518 477 477 476 412 405 405 474 410 291 291 634 518 477 477 475 411 404 404 519 260 501 501 576 260 559 559 517 260 558 558 578 260 500 500 576 260 559 559 519 260 501 501 621 260 502 502 578 260 500 500 519 260 501 501 580 260 560 560 578 260 500 500 621 260 502 502 618 512 333 333 645 525 334 334 619 513 332 332 675 534 335 335 645 525 334 334 618 512 333 333 676 535 409 409 675 534 335 335 618 512 333 333 677 536 410 410 675 534 335 335 676 535 409 409 675 534 335 335 647 527 336 336 645 525 334 334 678 537 337 337 647 527 336 336 675 534 335 335 677 536 410 410 678 537 337 337 675 534 335 335 679 538 411 411 678 537 337 337 677 536 410 410 678 537 337 337 646 526 338 338 647 527 336 336 680 539 339 339 646 526 338 338 678 537 337 337 679 538 411 411 680 539 339 339 678 537 337 337 681 540 412 412 680 539 339 339 679 538 411 411 680 539 339 339 644 524 340 340 646 526 338 338 613 511 341 341 644 524 340 340 680 539 339 339 681 540 412 412 613 511 341 341 680 539 339 339 612 510 413 413 613 511 341 341 681 540 412 412 682 260 563 563 659 260 562 562 658 260 561 561 660 260 541 541 659 260 562 562 682 260 563 563 683 260 539 539 660 260 541 541 682 260 563 563 513 260 540 540 660 260 541 541 683 260 539 539 631 495 489 489 539 468 450 450 541 470 452 452 600 494 488 488 539 468 450 450 631 495 489 489 599 496 468 468 600 494 488 488 631 495 489 489 567 260 502 502 534 260 565 565 684 260 564 564 532 260 560 560 534 260 565 565 567 260 502 502 530 260 500 500 532 260 560 560 567 260 502 502 635 519 293 293 433 311 295 295 633 517 476 476 434 370 294 294 433 311 295 295 635 519 293 293 552 476 292 292 434 370 294 294 635 519 293 293 685 541 568 568 573 483 567 567 673 532 566 566 343 309 569 569 573 483 567 567 685 541 568 568 345 311 570 570 343 309 569 569 685 541 568 568 354 320 288 288 565 364 572 572 352 318 571 571 657 408 403 403 565 364 572 572 354 320 288 288 356 322 290 290 657 408 403 403 354 320 288 288 686 178 575 575 370 336 574 574 372 338 573 573 368 334 576 576 370 336 574 574 686 178 575 575 366 332 577 577 368 334 576 576 686 178 575 575 687 97 580 580 367 333 579 579 365 331 578 578 369 335 581 581 367 333 579 579 687 97 580 580 371 337 582 582 369 335 581 581 687 97 580 580 690 97 585 585 689 543 584 584 688 542 583 583 691 544 586 586 689 543 584 584 690 97 585 585 692 545 587 587 691 544 586 586 690 97 585 585 690 97 585 585 693 546 588 588 692 545 587 587 694 547 589 589 693 546 588 588 690 97 585 585 695 548 590 590 694 547 589 589 690 97 585 585 698 178 593 593 697 550 592 592 696 549 591 591 699 551 594 594 697 550 592 592 698 178 593 593 700 552 595 595 699 551 594 594 698 178 593 593 698 178 593 593 701 553 596 596 700 552 595 595 702 554 597 597 701 553 596 596 698 178 593 593 703 555 598 598 702 554 597 597 698 178 593 593 706 229 601 601 705 371 600 600 704 381 599 599 707 373 602 602 705 371 600 600 706 229 601 601 708 375 603 603 707 373 602 602 706 229 601 601 612 510 606 606 709 433 605 605 614 357 604 604 676 535 607 607 709 433 605 605 612 510 606 606 677 536 608 608 676 535 607 607 612 510 606 606 711 557 492 492 664 521 610 610 710 556 609 609 662 502 611 611 664 521 610 610 711 557 492 492 661 503 494 494 662 502 611 611 711 557 492 492 607 508 553 553 712 558 555 555 608 509 612 612 713 559 554 554 712 558 555 555 607 508 553 553 714 556 552 552 713 559 554 554 607 508 553 553 717 508 527 527 716 558 529 529 715 509 613 613 718 559 528 528 716 558 529 529 717 508 527 527 710 556 526 526 718 559 528 528 717 508 527 527 721 97 575 575 720 543 573 573 719 542 574 574 722 544 614 614 720 543 573 573 721 97 575 575 723 545 615 615 722 544 614 614 721 97 575 575 721 97 575 575 724 546 616 616 723 545 615 615 725 547 617 617 724 546 616 616 721 97 575 575 726 548 577 577 725 547 617 617 721 97 575 575 729 178 580 580 728 550 578 578 727 549 579 579 730 551 618 618 728 550 578 578 729 178 580 580 731 552 619 619 730 551 618 618 729 178 580 580 729 178 580 580 732 553 620 620 731 552 619 619 733 554 621 621 732 553 620 620 729 178 580 580 734 555 582 582 733 554 621 621 729 178 580 580 735 178 585 585 386 336 583 583 388 338 584 584 384 334 622 622 386 336 583 583 735 178 585 585 382 332 590 590 384 334 622 622 735 178 585 585 736 97 593 593 383 333 591 591 381 331 592 592 385 335 623 623 383 333 591 591 736 97 593 593 387 337 598 598 385 335 623 623 736 97 593 593 737 229 601 601 437 373 599 599 435 371 600 600 439 375 624 624 437 373 599 599 737 229 601 601 441 377 625 625 439 375 624 624 737 229 601 601 542 471 432 432 572 454 433 433 544 452 434 434 610 514 431 431 572 454 433 433 542 471 432 432 540 469 430 430 610 514 431 431 542 471 432 432 714 556 610 610 641 522 627 627 713 559 626 626 640 521 609 609 641 522 627 627 714 556 610 610 601 502 492 492 640 521 609 609 714 556 610 610 650 385 511 511 738 383 628 628 669 530 519 519 739 384 510 510 738 383 628 628 650 385 511 511 740 386 512 512 739 384 510 510 650 385 511 511 660 260 541 541 509 260 543 543 507 260 629 629 511 260 542 542 509 260 543 543 660 260 541 541 513 260 540 540 511 260 542 542 660 260 541 541 491 418 380 380 741 560 378 378 490 417 379 379 742 520 556 556 741 560 378 378 491 418 380 380 501 428 390 390 742 520 556 556 491 418 380 380 464 400 395 395 468 404 399 399 466 402 397 397 512 561 630 630 468 404 399 399 464 400 395 395 462 398 393 393 512 561 630 630 464 400 395 395 502 429 608 608 505 432 606 606 408 358 607 607 504 431 631 631 505 432 606 606 502 429 608 608 503 430 632 632 504 431 631 631 502 429 608 608 485 400 395 395 481 404 393 393 483 402 394 394 596 561 630 630 481 404 393 393 485 400 395 395 487 398 399 399 596 561 630 630 485 400 395 395 576 462 438 438 516 464 634 634 517 562 633 633 611 463 437 437 516 464 634 634 576 462 438 438 577 461 439 439 611 463 437 437 576 462 438 438 709 433 347 347 616 354 345 345 614 357 414 414 618 512 346 346 616 354 345 345 709 433 347 347 676 535 348 348 618 512 346 346 709 433 347 347 674 533 405 405 685 541 406 406 673 532 518 518 347 313 281 281 685 541 406 406 674 533 405 405 349 315 283 283 347 313 281 281 674 533 405 405 737 229 601 601 443 379 603 603 441 377 625 625 445 381 602 602 443 379 603 603 737 229 601 601 435 371 600 600 445 381 602 602 737 229 601 601 745 563 637 637 744 563 636 636 743 563 635 635 746 563 638 638 744 563 636 636 745 563 637 637 749 564 641 641 748 564 640 640 747 564 639 639 750 564 642 642 748 564 640 640 749 564 641 641 478 443 416 416 598 442 417 417 751 434 415 415 479 441 418 418 598 442 417 417 478 443 416 416 594 565 401 401 489 416 400 400 583 487 402 402 487 398 399 399 489 416 400 400 594 565 401 401 514 260 538 538 683 260 539 539 515 260 537 537 513 260 540 540 683 260 539 539 514 260 538 538 537 486 634 634 528 456 438 438 752 562 633 633 527 455 437 437 528 456 438 438 537 486 634 634 588 260 562 562 586 260 563 563 587 260 561 561 648 260 541 541 586 260 563 563 588 260 562 562 545 450 456 456 630 497 470 470 543 472 454 454 568 448 469 469 630 497 470 470 545 450 456 456 529 493 491 491 539 468 450 450 600 494 488 488 527 466 448 448 539 468 450 450 529 493 491 491 755 178 645 645 754 178 644 644 753 178 643 643 756 178 646 646 754 178 644 644 755 178 645 645 759 97 649 649 758 97 648 648 757 97 647 647 760 97 650 650 758 97 648 648 759 97 649 649 757 566 647 647 753 566 643 643 754 566 644 644 758 566 648 648 753 566 643 643 757 566 647 647 760 567 650 650 756 567 652 652 755 567 651 651 759 567 649 649 756 567 652 652 760 567 650 650 724 546 297 297 730 551 298 298 731 552 296 296 725 547 299 299 730 551 298 298 724 546 297 297 725 547 299 299 728 550 300 300 730 551 298 298 726 548 301 301 728 550 300 300 725 547 299 299 726 548 301 301 727 549 302 302 728 550 300 300 761 568 303 303 727 549 302 302 726 548 301 301 731 552 312 312 723 545 311 311 724 546 313 313 732 553 310 310 723 545 311 311 731 552 312 312 732 553 310 310 722 544 309 309 723 545 311 311 733 554 308 308 722 544 309 309 732 553 310 310 733 554 308 308 720 543 307 307 722 544 309 309 734 555 306 306 720 543 307 307 733 554 308 308 734 555 306 306 719 542 305 305 720 543 307 307 762 569 304 304 719 542 305 305 734 555 306 306 761 568 303 303 762 569 304 304 727 549 302 302 719 542 305 305 762 569 304 304 761 568 303 303 528 260 559 559 609 260 501 501 752 260 558 558 530 260 500 500 609 260 501 501 528 260 559 559 765 359 350 350 764 93 351 351 763 359 349 349 766 93 352 352 764 93 351 351 765 359 350 350 763 359 361 361 767 362 360 360 765 359 362 362 768 362 359 359 767 362 360 360 763 359 361 361 768 362 359 359 769 171 358 358 767 362 360 360 770 171 357 357 769 171 358 358 768 362 359 359 770 171 357 357 771 361 356 356 769 171 358 358 772 361 355 355 771 361 356 356 770 171 357 357 772 361 355 355 773 360 354 354 771 361 356 356 774 360 353 353 773 360 354 354 772 361 355 355 766 93 352 352 774 360 353 353 764 93 351 351 773 360 354 354 774 360 353 353 766 93 352 352 752 570 427 427 538 467 428 428 537 465 426 426 609 571 429 429 538 467 428 428 752 570 427 427 609 571 429 429 540 469 430 430 538 467 428 428 610 514 431 431 540 469 430 430 609 571 429 429 681 540 631 631 677 536 608 608 612 510 606 606 679 538 632 632 677 536 608 608 681 540 631 631 536 498 509 509 567 482 472 472 684 572 653 653 566 481 471 471 567 482 472 472 536 498 509 509 777 97 639 639 776 97 635 635 775 97 640 640 778 97 636 636 776 97 635 635 777 97 639 639 781 178 655 655 780 178 638 638 779 178 654 654 782 178 637 637 780 178 638 638 781 178 655 655 782 563 637 637 778 563 636 636 780 563 638 638 776 563 635 635 778 563 636 636 782 563 637 637 779 564 641 641 775 564 640 640 781 564 642 642 777 564 639 639 775 564 640 640 779 564 641 641 510 565 408 408 460 396 391 391 508 529 407 407 462 398 393 393 460 396 391 391 510 565 408 408 613 511 341 341 643 355 342 342 644 524 340 340 615 356 343 343 643 355 342 342 613 511 341 341 515 573 479 479 469 405 480 480 471 407 478 478 683 574 481 481 469 405 480 480 515 573 479 479 683 574 481 481 467 403 482 482 469 405 480 480 682 492 483 483 467 403 482 482 683 574 481 481 783 557 550 550 605 506 551 551 603 504 549 549 714 556 552 552 605 506 551 551 783 557 550 550 682 492 483 483 465 401 484 484 467 403 482 482 658 491 485 485 465 401 484 484 682 492 483 483 786 97 645 645 785 97 644 644 784 97 646 646 787 97 643 643 785 97 644 644 786 97 645 645 783 557 611 611 601 502 492 492 714 556 610 610 603 504 494 494 601 502 492 492 783 557 611 611 790 178 649 649 789 178 648 648 788 178 650 650 791 178 647 647 789 178 648 648 790 178 649 649 791 566 647 647 787 566 643 643 789 566 648 648 785 566 644 644 787 566 643 643 791 566 647 647 788 567 650 650 784 567 652 652 790 567 649 649 786 567 651 651 784 567 652 652 788 567 650 650 693 546 315 315 699 551 316 316 700 552 314 314 694 547 317 317 699 551 316 316 693 546 315 315 374 340 614 614 686 178 575 575 372 338 573 573 376 342 615 615 686 178 575 575 374 340 614 614 362 328 616 616 686 178 575 575 376 342 615 615 364 330 617 617 686 178 575 575 362 328 616 616 694 547 317 317 697 550 318 318 699 551 316 316 695 548 319 319 697 550 318 318 694 547 317 317 363 329 618 618 687 97 580 580 365 331 578 578 361 327 619 619 687 97 580 580 363 329 618 618 375 341 620 620 687 97 580 580 361 327 619 619 373 339 621 621 687 97 580 580 375 341 620 620 695 548 319 319 696 549 320 320 697 550 318 318 792 568 321 321 696 549 320 320 695 548 319 319 700 552 330 330 692 545 329 329 693 546 331 331 701 553 328 328 692 545 329 329 700 552 330 330 690 97 585 585 792 568 622 622 695 548 590 590 688 542 583 583 792 568 622 622 690 97 585 585 701 553 328 328 691 544 327 327 692 545 329 329 702 554 326 326 691 544 327 327 701 553 328 328 702 554 326 326 689 543 325 325 691 544 327 327 703 555 324 324 689 543 325 325 702 554 326 326 698 178 593 593 793 569 623 623 703 555 598 598 696 549 591 591 793 569 623 623 698 178 593 593 703 555 324 324 688 542 323 323 689 543 325 325 793 569 322 322 688 542 323 323 703 555 324 324 794 379 624 624 706 229 601 601 704 381 599 599 795 377 625 625 706 229 601 601 794 379 624 624 792 568 321 321 793 569 322 322 696 549 320 320 688 542 323 323 793 569 322 322 792 568 321 321 796 560 628 628 623 418 511 511 636 520 519 519 622 417 510 510 623 418 511 511 796 560 628 628 797 372 365 365 704 381 366 366 705 371 364 364 798 382 367 367 704 381 366 366 797 372 365 365 625 420 513 513 629 424 517 517 623 418 511 511 627 422 515 515 629 424 517 517 625 420 513 513 638 426 521 521 799 427 557 557 637 428 520 520 639 425 522 522 799 427 557 557 638 426 521 521 798 382 367 367 794 379 368 368 704 381 366 366 800 380 369 369 794 379 368 368 798 382 367 367 800 380 369 369 795 377 370 370 794 379 368 368 801 378 371 371 795 377 370 370 800 380 369 369 801 378 371 371 708 375 372 372 795 377 370 370 802 376 373 373 708 375 372 372 801 378 371 371 802 376 373 373 707 373 374 374 708 375 372 372 803 374 375 375 707 373 374 374 802 376 373 373 721 97 575 575 761 568 576 576 726 548 577 577 719 542 574 574 761 568 576 576 721 97 575 575 803 374 375 375 705 371 376 376 707 373 374 374 797 372 377 377 705 371 376 376 803 374 375 375 407 357 605 605 505 432 606 606 506 433 604 604 408 358 607 607 505 432 606 606 407 357 605 605 729 178 580 580 762 569 581 581 734 555 582 582 727 549 579 579 762 569 581 581 729 178 580 580 403 353 531 531 393 343 532 532 405 355 530 530 401 351 533 533 393 343 532 532 403 353 531 531 390 340 586 586 735 178 585 585 388 338 584 584 392 342 587 587 735 178 585 585 390 340 586 586 378 328 588 588 735 178 585 585 392 342 587 587 380 330 589 589 735 178 585 585 378 328 588 588 401 351 533 533 395 345 534 534 393 343 532 532 399 349 535 535 395 345 534 534 401 351 533 533 379 329 594 594 736 97 593 593 381 331 592 592 377 327 595 595 736 97 593 593 379 329 594 594 391 341 596 596 736 97 593 593 377 327 595 595 389 339 597 597 736 97 593 593 391 341 596 596 404 354 343 343 506 433 414 414 402 352 341 341 406 356 345 345 506 433 414 414 404 354 343 343 711 557 524 524 805 506 525 525 804 504 523 523 710 556 526 526 805 506 525 525 711 557 524 524 718 559 627 627 664 521 610 610 666 522 626 626 710 556 609 609 664 521 610 610 718 559 627 627 804 504 493 493 661 503 494 494 711 557 492 492 805 506 495 495 661 503 494 494 804 504 493 493 805 506 495 495 663 505 496 496 661 503 494 494 717 508 497 497 663 505 496 496 805 506 495 495 672 392 522 522 651 391 517 517 649 393 521 521 655 390 516 516 651 391 517 517 672 392 522 522 740 386 512 512 652 387 513 513 654 388 514 514 650 385 511 511 652 387 513 513 740 386 512 512 717 508 497 497 665 507 498 498 663 505 496 496 715 509 499 499 665 507 498 498 717 508 497 497 633 517 567 567 477 413 568 568 632 516 566 566 433 311 569 569 477 413 568 568 633 517 567 567 497 424 386 386 493 420 382 382 495 422 384 384 499 426 388 388 493 420 382 382 497 424 386 386 499 426 388 388 491 418 380 380 493 420 382 382 501 428 390 390 491 418 380 380 499 426 388 388 546 320 572 572 422 364 288 288 424 318 571 571 472 408 403 403 422 364 288 288 546 320 572 572 592 497 452 452 560 472 454 454 522 450 453 453 590 495 489 489 560 472 454 454 592 497 452 452 558 470 470 470 590 495 489 489 556 468 468 468 560 472 454 454 590 495 489 489 558 470 470 470 582 260 565 565 621 260 502 502 806 260 564 564 580 260 560 560 621 260 502 502 582 260 565 565 747 178 639 639 743 178 635 635 744 178 636 636 748 178 640 640 743 178 635 635 747 178 639 639 346 312 280 280 562 480 459 459 344 310 278 278 348 314 282 282 562 480 459 459 346 312 280 280 750 97 655 655 746 97 638 638 745 97 637 637 749 97 654 654 746 97 638 638 750 97 655 655 656 475 462 462 356 322 464 464 358 324 463 463 657 408 544 544 356 322 464 464 656 475 462 462 350 316 284 284 562 480 459 459 348 314 282 282 564 363 458 458 562 480 459 459 350 316 284 284 536 464 446 446 684 562 656 656 534 462 444 444 462 575 657 657 510 437 418 418 512 439 420 420 461 397 392 392 463 399 394 394 465 401 396 396 512 439 420 420 470 441 422 422 468 576 658 658 507 577 659 659 508 529 548 548 660 528 546 546 393 343 508 508 394 344 346 346 405 355 344 344 407 357 347 347 506 433 414 414 406 356 345 345 399 349 535 535 397 347 536 536 395 345 534 534 715 509 612 612 667 523 555 555 665 507 553 553 717 508 527 527 805 506 525 525 710 556 526 526 431 309 570 570 477 413 568 568 433 311 569 569 423 316 287 287 427 365 283 283 425 317 285 285 428 366 282 282 548 473 459 459 426 319 284 284 806 562 656 656 553 486 446 446 582 456 444 444 518 446 449 449 591 496 450 450 520 448 451 451 806 578 653 653 621 515 472 472 553 477 509 509 479 441 418 418 481 576 657 657 596 439 420 420 751 260 629 629 598 260 543 543 648 260 541 541 488 397 398 398 486 399 397 397 484 401 396 396 594 437 422 422 596 439 420 420 487 575 658 658 585 260 539 539 586 260 563 563 648 260 541 541 751 579 659 659 648 531 546 546 478 414 548 548 643 355 342 342 615 356 343 343 617 353 344 344 608 509 613 613 642 523 529 529 606 507 527 527 607 508 553 553 605 506 551 551 714 556 552 552 686 178 575 575 364 330 617 617 366 332 577 577 687 97 580 580 373 339 621 621 371 337 582 582 795 377 625 625 708 375 603 603 706 229 601 601 449 385 380 380 447 383 378 378 668 530 556 556 735 178 585 585 380 330 589 589 382 332 590 590 736 97 593 593 389 339 597 597 387 337 598 598 651 391 517 517 655 390 516 516 653 389 515 515 685 541 406 406 347 313 281 281 345 311 279 279 357 323 291 291 355 321 289 289 353 319 287 287</p>
				</triangles>
			</mesh>
		</geometry>
		<geometry id="polygon1" name="polygon1">
			<mesh>
				<source id="polygon1_Positions">
					<float_array id="polygon1_PosArr" count="1530">6.058042 8.900929 -1.142084 5.17767 3.438039 -2.022455 7.201596 8.900929 -1.616205 7.201596 3.438039 -2.860834 8.345151 8.900929 -1.142084 9.225522 3.438039 -2.022455 8.819272 8.900929 0.001470987 10.0639 3.438039 0.00147092 8.345151 8.900929 1.145026 9.225522 3.438039 2.025397 7.201596 8.900929 1.619147 7.201596 3.438039 2.863775 6.058042 8.900929 1.145026 5.17767 3.438039 2.025397 5.58392 8.900929 0.001470987 4.339292 3.438039 0.00147092 3.635254 14.6048 2.343552 3.5 15.54083 2.316697 3.98584 14.65558 1.652146 3.632324 16.01935 1.508103 3.820313 16.01935 0.3040017 2.609863 17.1419 1.617478 2.662598 17.19171 -0.1471702 1.370605 17.78106 1.283982 1.293457 17.77032 -0.2873069 0 18.00128 0.3040017 0 17.84308 -0.7633811 -1.293457 17.77032 -0.2873069 0 17.19122 -2.366897 -1.795898 17.19122 -1.727248 -1.337402 16.01935 -3.197463 -2.71875 16.01935 -2.247756 -1.490234 14.78106 -3.578811 -3.13916 14.78106 -2.546096 3.13916 15.53448 3.169236 2.740723 16.18536 3.126755 1.407715 17.53058 2.453904 0 17.7923 1.973924 -1.370605 17.78106 1.283982 -2.662598 17.19171 -0.1471702 -3.592773 16.01935 -0.983596 -3.944824 14.78106 -1.121291 6.145936 -0.9988704 -0.5512697 6.095155 -0.5149837 -0.8559572 7.160096 -1.178558 -0.8457032 6.935487 -0.6585383 -1.166016 7.495545 -0.2488704 -1.22168 6.898866 -1.030609 -1.698731 7.755311 -0.364593 -1.833496 7.125428 -1.544281 -1.372559 8.297303 -0.6668391 -1.601074 8.054139 -0.5559993 -1.001953 8.280213 0.4859929 -1.405762 8.044862 0.5699773 -0.7753907 8.226991 1.032868 -1.080078 8.080506 0.7828679 -0.5004884 8.283631 1.244782 -0.9379884 6.57347 14.21223 -1.232422 6.57347 12.78938 -1.232422 7.207259 13.5008 -1.652344 7.207259 12.67463 -1.431152 7.841536 12.7884 -1.233887 7.207259 12.06965 -0.8261719 7.841536 12.076 2.513597E-08 7.207259 11.84846 2.236729E-08 7.207259 12.06965 0.8261719 6.57347 12.07795 2.515974E-08 6.57347 12.78938 1.232422 -7.250917 -0.7024817 -0.07177747 -7.758242 -0.2317786 -0.08740247 -7.367617 -1.143888 -0.5317384 -8.200624 -0.4222083 -0.5537111 -7.505312 -1.584318 -0.08789077 -8.644472 -0.6097083 -0.1147462 -8.226503 -0.4266028 0.3505858 -8.912539 0.8902917 -0.1206056 -8.479433 0.668612 0.3798827 -8.462831 1.119296 0.5166014 -8.112734 0.7945886 0.5078124 -3.635254 14.6048 2.343552 -3.98584 14.65558 1.652146 -3.5 15.54083 2.316697 -3.632324 16.01935 1.508103 -3.13916 15.53448 3.169236 -2.740723 16.18536 3.126755 -1.474121 15.40411 4.345506 -1.443359 16.44269 3.819627 0 16.52667 4.004197 0 17.12189 3.501267 1.443359 16.44269 3.819627 -7.639101 0.602694 -0.5268556 -7.263124 0.6710534 -0.8129884 -7.430605 0.5758386 -1.003906 -7.296816 1.110018 -1.31543 -7.48041 0.930819 -1.365723 -7.862246 1.451815 -1.413574 -7.908144 1.18912 -1.439453 -8.283632 1.244784 -0.9379884 -8.226992 1.03287 -1.080078 -8.080507 0.7828698 -0.5004884 -8.044863 0.5699792 -0.7753907 -6.746523 0.7672448 0.8359374 -6.444765 0.3981042 0.5551757 -6.525331 0.6173425 -0.004882927 -6.041933 0.6471276 0.1000975 -6.015566 0.9586511 -0.06933605 -5.667421 0.8937097 0.5551757 -5.825624 1.378085 0.5063475 -6.092226 0.8175378 0.9628905 -6.266054 1.209139 0.9794921 -7.495546 -0.2488685 -1.22168 -7.755312 -0.3645911 -1.833496 -6.898867 -1.030607 -1.698731 -7.125429 -1.544279 -1.372559 -5.84955 -0.8211341 -1.278809 -5.906191 -1.303068 -0.9746095 6.746522 0.7672429 0.8359374 6.525331 0.6173406 -0.004882927 6.444764 0.3981023 0.5551757 6.041932 0.6471257 0.1000975 6.057557 -0.427093 0.5551757 5.564393 -0.4246516 0.1240233 6.035584 -1.446624 0.1240233 5.649354 -1.642425 0.5551757 6.164491 -1.67221 0.5551757 6.035584 -1.446624 0.9868163 5.849549 -0.821136 -1.278809 5.90619 -1.30307 -0.9746095 5.771424 -0.8421321 -0.8076173 1.474121 15.40411 4.345506 0 17.54083 2.75908 -1.407715 17.53058 2.453904 0 14.78106 -3.824416 0 16.01935 -3.477248 1.337402 16.01935 -3.197463 1.795898 17.19122 -1.727248 2.71875 16.01935 -2.247756 3.592773 16.01935 -0.983596 3.944824 14.78106 -1.121291 -7.85541 0.5909753 -0.07421886 -7.976015 0.4825768 -0.08154309 -8.093691 0.8463464 -0.6440431 -8.456484 0.6510339 -0.560547 -8.443789 1.171053 -0.635254 -8.700624 1.374667 -0.05322276 -7.771712 12.26204 0.0009765899 -7.771712 12.62483 -0.8749999 -8.287336 12.62483 0.0009765943 -8.287336 13.5008 -0.8749999 -8.501204 13.5008 0.000976605 -8.287336 14.37678 0.0009766156 -8.287336 13.5008 0.8769532 -7.771712 14.37678 0.8769532 -7.771712 13.5008 1.239746 -6.730696 14.73957 0.00097662 -6.730696 14.37678 -0.8749999 -6.215071 14.37678 0.0009766156 -6.215071 13.5008 -0.8749999 -6.001204 13.5008 0.000976605 -6.215071 12.62483 0.0009765943 -6.215071 13.5008 0.8769532 -6.730696 12.62483 0.8769532 -6.730696 13.5008 1.239746 6.272401 -1.456878 -0.09521499 6.291932 -1.041839 0.2968749 7.505311 -1.58432 -0.08789077 7.392518 -1.152679 0.3720702 8.226502 -0.4266047 0.3505858 7.758241 -0.2317805 -0.08740247 8.479432 0.6686101 0.3798827 7.976014 0.4825749 -0.08154309 8.112733 0.7945867 0.5078124 8.221131 0.8810124 0.4350585 7.80951 0.6393132 0.4365233 8.185975 0.7076726 0.677246 7.580018 0.5748601 0.9248046 8.29242 -0.3694758 0.8999022 7.647889 -0.371429 1.160644 7.68744 -1.380218 0.8364257 7.297791 -0.8704524 1.086914 6.481874 -0.9788508 0.8164061 -5.424746 2.2233 0.5776366 -6.103456 2.2233 1.511719 -5.723085 3.132479 0.4672851 -7.188906 3.132479 1.550781 -7.201601 3.812655 -7.540471E-08 -8.672304 3.132479 0.4912108 -8.122988 3.132479 -1.24707 -8.978456 2.2233 -0.5776368 -8.299746 2.2233 -1.511719 -7.313906 0.8761315 1.103516 -7.580019 0.574862 0.9248046 -7.851503 0.7750573 1.52832 -7.64789 -0.3714271 1.160644 -8.004335 -0.2557044 1.749512 -7.377871 -1.224943 1.671875 -7.731386 -1.676115 1.403808 -6.376406 -1.363126 1.299316 -6.550722 -1.841154 0.970703 4.199707 14.72882 0.3040016 7.202666 9.223921 -0.4282227 6.699737 10.12187 1.358195E-09 7.202666 9.223921 0.4282227 6.951201 10.12187 0.465332 7.454131 10.12187 0.465332 6.951201 11.56718 0.4355469 7.454131 11.56718 0.4355469 7.202666 13.16093 3.83374E-08 7.705596 11.56718 1.894471E-08 -2.849609 13.78302 3.306443 -3.681152 13.78302 1.562302 -4.199707 14.72882 0.3040016 -3.870605 13.78302 0.3332985 -3.643066 13.78302 -0.9655296 -2.907715 13.78302 -2.265823 -2.609863 17.1419 1.617478 -3.820313 16.01935 0.3040017 -7.202667 9.223921 0.4282227 -7.202667 9.223921 -0.4282227 -7.705597 10.12187 1.358195E-09 -7.454132 10.12187 -0.465332 -7.705597 11.56718 1.894471E-08 -7.454132 11.56718 -0.4355468 -7.202667 13.16093 3.83374E-08 -6.951202 11.56718 -0.4355468 -6.035585 -1.446622 0.9868163 -6.164492 -1.672208 0.5551757 -6.450136 -1.246427 0.5551757 -6.035585 -1.446622 0.1240233 -6.057558 -0.4270911 0.5551757 -5.564394 -0.4246497 0.1240233 8.352479 1.339997 0.9042968 8.407655 0.8585515 1.231933 7.887147 1.37613 1.375976 7.851502 0.7750554 1.52832 7.555116 1.167634 1.350586 7.313905 0.8761296 1.103516 6.103456 2.223298 1.511719 5.723084 3.132477 0.4672851 7.188905 3.132477 1.550781 7.2016 3.812653 -7.540471E-08 8.672303 3.132477 0.4912108 8.122987 3.132477 -1.24707 8.978456 2.223298 -0.5776368 8.299745 2.223298 -1.511719 6.657655 -1.469573 0.4907225 7.731385 -1.676116 1.403808 8.564881 -0.2566829 1.46875 3.13916 14.78106 -2.546096 2.907715 13.78302 -2.265823 1.490234 14.78106 -3.578811 1.347168 13.78302 -3.282424 0 13.78302 -3.447952 -1.347168 13.78302 -3.282424 7.705596 10.12187 1.358195E-09 7.454131 10.12187 -0.465332 6.951201 10.12187 -0.465332 7.454131 11.56718 -0.4355468 6.951201 11.56718 -0.4355468 -7.297792 -0.8704505 1.086914 -6.481874 -0.9788489 0.8164061 -6.271425 -1.41879 0.8100585 -6.657656 -1.469572 0.4907225 3.870605 13.78302 0.3332985 3.681152 13.78302 1.562302 2.849609 13.78302 3.306443 3.080566 14.52472 3.434861 -7.392519 -1.152677 0.3720702 -6.291933 -1.041837 0.2968749 7.201596 1.827687 -1.932123 5.834409 1.827687 -1.365717 8.568784 1.827687 -1.365717 5.268003 1.827687 0.0014709 9.13519 1.827687 0.0014709 5.834409 1.827687 1.368658 8.568784 1.827687 1.368658 7.201596 1.827687 1.935065 -6.330507 -0.6355872 -0.0839845 -6.023378 -1.00131 -0.08203138 -6.272402 -1.456876 -0.09521499 -6.26996 -1.02963 -0.4746095 6.015565 0.9586492 -0.06933605 5.825624 1.378083 0.5063475 5.66742 0.8937078 0.5551757 6.092225 0.8175359 0.9628905 5.12787 -0.4226985 0.5551757 5.564393 -0.4246516 0.9868163 6.450135 -1.246429 0.5551757 6.550721 -1.841156 0.970703 6.376405 -1.363128 1.299316 7.37787 -1.224945 1.671875 7.841536 12.7884 1.233887 7.207259 12.67463 1.431152 7.207259 13.5008 1.652344 6.57347 14.21223 1.232422 7.841536 14.21321 1.233887 7.207259 14.32698 1.431152 7.207259 14.93196 0.8261719 6.57347 14.92414 5.979209E-08 7.841536 14.92561 5.980992E-08 7.207259 15.15315 6.257861E-08 7.207259 14.93196 -0.8261718 -6.095156 -0.5149817 -0.8559572 -6.935488 -0.6585364 -1.166016 -7.160097 -1.178556 -0.8457032 -8.05414 -0.5559974 -1.001953 8.462831 1.119294 0.5166014 8.700624 1.374665 -0.05322276 8.912538 0.8902898 -0.1206056 8.443788 1.171052 -0.635254 8.456483 0.651032 -0.560547 8.09369 0.8463445 -0.6440431 -7.420351 0.637362 0.7133788 -7.809511 0.6393151 0.4365233 -8.185976 0.7076745 0.677246 -8.221132 0.8810143 0.4350585 -8.35248 1.339999 0.9042968 -7.201601 0.3546472 -1.174816E-07 -6.406679 0.633944 0.5776366 -6.406679 0.633944 -0.5776368 -5.612246 1.240878 -1.06698E-07 -5.84955 1.38785 -0.982422 -5.424746 2.2233 -0.5776368 -6.103456 2.2233 -1.511719 -7.505312 0.633944 0.9340819 -6.71039 1.240878 1.511719 -5.84955 1.38785 0.9824218 -8.184023 0.633944 -1.140831E-07 -8.487734 1.240878 0.9340819 -7.718203 1.38785 1.589355 -8.299746 2.2233 1.511719 -7.201601 2.2233 1.868652 -7.505312 0.633944 -0.9340822 -8.487734 1.240878 -0.9340822 -8.872988 1.38785 -1.049096E-07 -8.978456 2.2233 0.5776366 -6.71039 1.240878 -1.511719 -7.718203 1.38785 -1.589356 -7.201601 2.2233 -1.868652 6.699737 11.56718 1.894471E-08 -6.699738 10.12187 1.358195E-09 -6.951202 10.12187 0.465332 -6.699738 11.56718 1.894471E-08 -6.951202 11.56718 0.4355469 7.2016 0.3546453 -1.174816E-07 6.406678 0.6339421 -0.5776368 6.406678 0.6339421 0.5776366 5.612245 1.240876 -1.06698E-07 5.849549 1.387848 0.9824218 5.424745 2.223298 0.5776366 7.430604 0.5758367 -1.003906 7.67035 0.6339421 -1.621094 7.505311 0.6339421 0.9340819 6.710389 1.240876 1.511719 7.718202 1.387848 1.589355 7.2016 2.223298 1.868652 8.299745 2.223298 1.511719 8.184022 0.6339421 -1.140831E-07 8.487733 1.240876 0.9340819 8.872987 1.387848 -1.049096E-07 8.978456 2.223298 0.5776366 -8.280214 0.4859948 -1.405762 -8.297304 -0.6668372 -1.601074 -7.670351 0.633944 -1.621094 7.505311 0.6339421 -0.9340822 6.710389 1.240876 -1.511719 5.849549 1.387848 -0.982422 6.103456 2.223298 -1.511719 5.424745 2.223298 -0.5776368 -7.687441 -1.380216 0.8364257 -8.292421 -0.3694739 0.8999022 6.730696 14.37678 -0.8749999 6.215071 14.37678 0.0009766156 6.215071 13.5008 -0.8749999 6.001204 13.5008 0.000976605 6.215071 12.62483 0.0009765943 6.215071 13.5008 0.8769532 6.730696 12.62483 0.8769532 -6.57347 14.21223 -1.232422 -7.207259 13.5008 -1.652344 -6.57347 12.78938 -1.232422 -7.207259 12.67463 -1.431152 -7.207259 12.06965 -0.8261719 -7.841536 12.7884 -1.233887 -7.841536 12.076 2.513597E-08 -6.57347 12.07795 2.515974E-08 -7.207259 11.84846 2.236729E-08 -7.207259 12.06965 0.8261719 -7.841536 12.7884 1.233887 -6.57347 12.78938 1.232422 -7.207259 13.5008 1.652344 -6.57347 14.21223 1.232422 -7.207259 14.32698 1.431152 -7.207259 14.93196 0.8261719 -7.841536 14.21321 1.233887 -7.841536 14.92561 5.980992E-08 6.730696 14.73957 0.00097662 6.730696 14.37678 0.8769532 6.730696 13.5008 1.239746 7.771712 12.62483 -0.8749999 8.287336 12.62483 0.0009765943 8.287336 13.5008 -0.8749999 8.501204 13.5008 0.000976605 8.287336 14.37678 0.0009766156 8.287336 13.5008 0.8769532 7.771712 14.37678 0.8769532 7.771712 12.26204 0.0009765899 7.771712 12.62483 0.8769532 7.771712 13.5008 1.239746 -6.57347 14.92414 5.979209E-08 -7.207259 15.15315 6.257861E-08 -7.207259 14.93196 -0.8261718 -7.841536 14.21321 -1.233887 -7.207259 12.67463 1.431152 6.300233 3.132477 -1.261719 7.2016 2.223298 -1.868652 -7.771712 13.5008 -1.237793 -7.771712 14.37678 -0.8749999 -7.771712 14.73957 0.00097662 -6.730696 13.5008 -1.237793 -6.730696 12.62483 -0.8749999 -6.730696 12.26204 0.0009765899 1.48877 14.43097 4.459764 1.402344 13.78302 4.191209 0 14.42218 4.649705 0 13.77423 4.389939 -1.402344 13.78302 4.191209 7.250916 -0.7024837 -0.07177747 7.367616 -1.14389 -0.5317384 8.200624 -0.4222102 -0.5537111 -8.819272 8.900931 0.001470987 -8.345151 8.900931 1.145026 -10.0639 3.438041 0.00147092 -9.225522 3.438041 2.025397 -8.568784 1.827689 1.368658 -7.201596 1.827689 1.935065 -6.058042 8.900931 -1.142084 -7.201596 8.900931 -1.616205 -5.17767 3.438041 -2.022455 -7.201596 3.438041 -2.860834 -7.201596 1.827689 -1.932123 -8.568784 1.827689 -1.365717 -8.564882 -0.256681 1.46875 -6.058042 8.900931 1.145026 -5.58392 8.900931 0.001470987 -5.17767 3.438041 2.025397 -4.339292 3.438041 0.00147092 -5.268003 1.827689 0.0014709 -5.834409 1.827689 -1.365717 -6.300234 3.132479 -1.261719 -8.345151 8.900931 -1.142084 -9.225522 3.438041 -2.022455 -9.13519 1.827689 0.0014709 7.6391 0.6026921 -0.5268556 7.263124 0.6710515 -0.8129884 7.296815 1.110016 -1.31543 -7.207259 14.32698 -1.431152 8.644471 -0.6097102 -0.1147462 6.330506 -0.6355891 -0.0839845 6.023377 -1.001312 -0.08203138 6.269959 -1.029632 -0.4746095 3.643066 13.78302 -0.9655296 -5.649355 -1.642423 0.5551757 -5.127871 -0.4226966 0.5551757 8.004334 -0.2557063 1.749512 7.908143 1.189118 -1.439453 7.480409 0.9308171 -1.365723 -5.564394 -0.4246497 0.9868163 -7.454132 10.12187 0.465332 -7.454132 11.56718 0.4355469 7.841536 14.21321 -1.233887 7.207259 14.32698 -1.431152 -7.201596 8.900931 1.619147 -7.201596 3.438041 2.863775 -5.834409 1.827689 1.368658 8.487733 1.240876 -0.9340822 7.718202 1.387848 -1.589356 -1.48877 14.43097 4.459764 -3.080566 14.52472 3.434861 -7.201596 9.060599 0.001470988 7.201596 9.060597 0.001470988 7.862245 1.451813 -1.413574 6.271424 -1.418792 0.8100585 6.266053 1.209137 0.9794921 0 15.36114 4.504197 -7.771712 12.62483 0.8769532 -5.771425 -0.8421302 -0.8076173 -6.145937 -0.9988685 -0.5512697 -6.730696 14.37678 0.8769532 0.4741211 15.41827 3.908005 0 15.22149 3.908005 0 15.89239 5.748338 -0.4741211 15.41827 3.908005 -0.6704102 15.89239 3.908005 -7.887148 1.376132 1.375976 -8.407656 0.8585534 1.231933 7.771712 13.5008 -1.237793 7.771712 14.37678 -0.8749999 7.771712 14.73957 0.00097662 -6.951202 10.12187 -0.465332 6.730696 13.5008 -1.237793 6.730696 12.62483 -0.8749999 6.730696 12.26204 0.0009765899 7.42035 0.6373601 0.7133788 7.855409 0.5909734 -0.07421886 -7.555117 1.167635 1.350586 0.6704102 15.89239 3.908005 0.4741211 16.36651 3.908005 0 16.5628 3.908005 -0.4741211 16.36651 3.908005</float_array>
					<technique_common>
						<accessor source="#polygon1_PosArr" count="510" stride="3">
							<param name="X" type="float" />
							<param name="Y" type="float" />
							<param name="Z" type="float" />
						</accessor>
					</technique_common>
				</source>
				<source id="polygon1_Normals">
					<float_array id="polygon1_NormArr" count="1404">-0.6894531 0.222168 -0.6894531 -0.7003784 -0.1373901 -0.7003784 0 0.222168 -0.9749756 0 -0.1373901 -0.9905396 0.6894531 0.222168 -0.6894531 0.7003784 -0.1373901 -0.7003784 0.9749756 0.222168 2.703332E-09 0.9905396 -0.1373901 -1.671758E-09 0.6894531 0.222168 0.6894531 0.7003784 -0.1373902 0.7003784 0 0.222168 0.9749756 0 -0.1373902 0.9905396 -0.6894531 0.222168 0.6894531 -0.7003784 -0.1373902 0.7003784 -0.9749756 0.222168 2.703332E-09 -0.9905396 -0.1373901 -1.671758E-09 0.8937378 -0.1098633 0.4349976 0.8892212 0.2693481 0.369751 0.9567871 -0.0532837 0.2859497 0.8500977 0.4743042 0.2290039 0.8737793 0.4862671 -0.005676263 0.5929565 0.7782593 0.2069092 0.5726929 0.8106079 -0.1219482 0.2692261 0.9581909 0.09692384 0.2579956 0.9524536 -0.1620483 0 0.9998169 -0.02056883 0 0.9580078 -0.2868042 -0.2579956 0.9524536 -0.1620483 0 0.8255005 -0.5643921 -0.3725586 0.8118896 -0.4494629 -0.3291016 0.4963379 -0.8033447 -0.616333 0.5031128 -0.6057739 -0.3636475 0.004150402 -0.9315186 -0.7233887 0.020813 -0.6901245 0.7520142 0.2918091 0.5910645 0.6066895 0.5588379 0.5653687 0.3032837 0.869873 0.3890381 0 0.9764404 0.2159424 -0.2692261 0.9581909 0.09692384 -0.5726929 0.8106079 -0.1219482 -0.8040771 0.4931641 -0.3319702 -0.9360962 -0.002624508 -0.3517456 -0.09967041 -0.1356812 0.9857178 -0.1690674 0.9482422 0.2687988 0.2831421 -0.3419189 0.8960571 -0.1868896 0.9629517 0.194336 -0.8390503 0.3625488 0.4056396 -0.2717285 -0.01934813 -0.9621582 -0.1253052 0.1187744 -0.9849854 0.1636963 -0.9613037 -0.2215576 0.8322754 -0.399292 -0.3845215 0.5118408 -0.2678223 0.8162842 0.9128418 0.1004639 -0.3956909 0.6135254 -0.534668 0.5811157 0.9749756 0.02825928 -0.2205811 0.7366943 -0.5800171 0.3475952 0.9575806 -0.06933594 -0.2797241 -0.7781982 0.3139648 -0.5438232 -0.7781982 -0.3139648 -0.5438232 -0.0009155273 1.216796E-08 -1 -0.001220703 -0.5 -0.8660278 0.7774048 -0.3145142 -0.5447388 -0.0009155273 -0.8660278 -0.5 0.7774048 -0.6290283 -7.653994E-09 -0.001220703 -1 -1.216796E-08 -0.0009155273 -0.8660278 0.5 -0.7781982 -0.6279907 -7.641368E-09 -0.7781982 -0.3139648 0.5438232 0.3438721 0.9384155 0.03405763 0.8353271 0.5495605 0.01495362 -0.02032471 -0.1717529 -0.9849243 -0.08331299 -0.0831909 -0.993042 -0.2819214 -0.9594116 -0.01000978 -0.8704834 -0.4916992 -0.02105713 -0.1559448 -0.1008911 0.982605 -0.9974365 0.05010986 -0.05133057 -0.3931885 -0.3372803 0.8553467 -0.6625977 -0.08062745 0.7446289 0.02038574 -0.6674194 0.7443848 -0.8937378 -0.1098633 0.4349976 -0.9567871 -0.0532837 0.2859497 -0.8892212 0.2693481 0.369751 -0.8500977 0.4743042 0.2290039 -0.7520142 0.2918091 0.5910645 -0.6066895 0.5588379 0.5653687 -0.3242188 0.2717896 0.9060669 -0.321167 0.5858154 0.7440796 0 0.5361938 0.8441162 0 0.7679443 0.6405029 0.321167 0.5858154 0.7440796 0.003417969 -0.9702148 0.2423096 0.5881958 -0.800354 -0.1159668 0.7877197 -0.6160278 0.002197258 0.4934082 -0.2352295 -0.8373413 0.605957 -0.09613036 -0.7896729 -0.3352051 0.1507569 -0.9299927 -0.3364258 0.2399292 -0.9106445 -0.9575806 -0.06933594 -0.2797241 -0.9749756 0.02825928 -0.2205811 -0.7366943 -0.5800171 0.3475952 -0.6135254 -0.534668 0.5811157 -0.3981934 -0.6085205 0.6864014 -0.7171631 -0.6862793 0.1211548 -0.109375 -0.8583374 -0.5012817 0.3447876 -0.4004517 -0.848938 0.6929321 -0.2617188 -0.671814 0.9492188 0.2944336 0.1109619 0.9175415 0.3174438 0.239502 0.2032471 -0.024292 0.9788208 0.3173218 0.1009521 0.9429321 0.8390503 0.3625488 0.4056396 0.1253052 0.1187744 -0.9849854 0.2717285 -0.01934813 -0.9621582 -0.1636963 -0.9613037 -0.2215576 0.6826172 0.253479 -0.6854248 0.5958862 -0.8030396 0.009033194 0.3981934 -0.6085205 0.6864014 0.109375 -0.8583374 -0.5012817 0.7171631 -0.6862793 0.1211548 -0.3447876 -0.4004517 -0.848938 1 0.002685547 -0.00213623 -0.204834 -0.008728015 -0.9787598 0.1641235 -0.380188 -0.9102173 -0.6400757 -0.7683105 0.003723135 0.4516602 -0.8921509 -1.085566E-08 0.1577759 -0.3804321 0.9112549 -0.6826172 0.253479 -0.6854248 -0.5958862 -0.8030396 0.009033194 -0.8915405 0.1956177 0.4084473 0.3242188 0.2717896 0.9060669 0 0.9112549 0.4118652 -0.3032837 0.869873 0.3890381 0 -0.02209471 -0.9997559 0 0.4802246 -0.8771362 0.3291016 0.4963379 -0.8033447 0.3725586 0.8118896 -0.4494629 0.616333 0.5031128 -0.6057739 0.8040771 0.4931641 -0.3319702 0.9360962 -0.002624508 -0.3517456 0.6696167 -0.7423706 -0.02166749 0.9226074 -0.3853149 -0.0175171 0.1322632 -0.534729 -0.8345947 -0.2675781 -0.2479248 -0.9310913 -0.6040039 0.04260255 -0.7958374 -0.9172363 0.397644 0.02349854 -0.5753784 -0.8178711 -9.951826E-09 -0.6808472 -0.5178833 -0.5178833 -0.8154907 -0.5787354 -7.042031E-09 -0.8154907 7.042031E-09 -0.5787354 -1 0 0 -0.8154907 0.5787354 7.042031E-09 -0.8154907 -7.042031E-09 0.5787354 -0.6808472 0.5179443 0.5179443 -0.5753784 -9.951826E-09 0.8178711 0.5753784 0.8178711 9.951826E-09 0.6808472 0.5178833 -0.5178833 0.8154907 0.5787354 7.042031E-09 0.8154907 7.042031E-09 -0.5787354 1 0 0 0.8154907 -0.5787354 -7.042031E-09 0.8154907 -7.042031E-09 0.5787354 0.6808472 -0.5178833 0.5178833 0.5753784 -9.951826E-09 0.8178711 -0.4733887 -0.8807983 -0.01184083 -0.4158325 0.02362059 0.9091187 0.2819214 -0.9594116 -0.01000978 0.04602051 -0.1931152 0.9801025 0.1559448 -0.1008911 0.982605 -0.8353271 0.5495605 0.01495362 0.3931885 -0.3372803 0.8553467 -0.9226074 -0.3853149 -0.0175171 -0.02038574 -0.6674194 0.7443848 0.810791 -0.5258789 -0.2570801 0.2032471 -0.961853 -0.1830444 0.7029419 -0.4728394 -0.531311 -0.6645508 -0.7456055 -0.04882813 0.4926758 -0.2312622 -0.8389282 -0.9035645 0.255188 -0.3441772 0.4418945 -0.3484497 -0.8266602 -0.4192505 0.8433228 -0.3361816 -0.4533691 0.8429565 -0.2896118 0.9518433 0.05279541 0.3019409 0.578125 0.1132202 0.8080444 0.7029419 0.6755981 0.222229 0.005859375 0.6755981 0.7372437 0 1 1.216796E-08 -0.6993408 0.6755981 0.2333985 -0.4381104 0.6755981 -0.5929565 -0.942688 0.1132202 -0.3139038 -0.5925903 0.05279542 -0.803772 0.6109619 -0.5689087 0.5505371 0.6645508 -0.7456055 -0.04882813 0.2116699 0.06213378 0.9753418 0.9035645 0.255188 -0.3441772 0.1342163 0.0684204 0.9885864 0.2485352 -0.02087403 0.9683838 -0.4577026 -0.8294678 0.3201294 0.7009888 0.05285644 0.7112427 0.3278198 -0.9447021 0.008850086 0.9996338 -0.02416992 -0.01019287 0 -0.8193359 -0.5733032 -0.9855347 -0.1693115 -0.001586916 0 -0.8193359 0.5733032 -0.5335693 -0.08563233 0.8414307 0.5349731 -0.0834961 0.8407593 -0.4955444 0.1542358 0.8547974 0.4971313 0.1519775 0.854248 0.9890137 0.1477051 0.001647951 -0.699707 -0.3397827 0.628418 -0.9003906 -0.3386841 0.2731934 -0.9996338 -0.02416992 -0.01019287 -0.9456177 -0.3250122 -0.01171875 -0.8937378 -0.3189697 -0.3153687 -0.6872559 -0.335022 -0.6445313 -0.5929565 0.7782593 0.2069092 -0.8737793 0.4862671 -0.005676263 -0.9855347 -0.1693115 0.001586912 -0.5335693 -0.08563232 -0.8414307 -0.9890137 0.1477051 0.001647951 -0.4955444 0.1542359 -0.8547974 0.4971313 0.1519776 -0.854248 -0.1577759 -0.3804321 0.9112549 -0.4516602 -0.8921509 -1.085566E-08 -0.9998779 0.015625 -0.00201416 -0.1641235 -0.380188 -0.9102173 -1 0.002685547 -0.00213623 0.204834 -0.008728015 -0.9787598 0.9682007 0.1704712 0.1831665 0.9118652 0.2041626 0.3561401 0.2885742 0.333252 0.897583 -0.2116699 0.06213378 0.9753418 -0.456543 0.05755614 0.8878174 -0.6109619 -0.5689087 0.5505371 -0.578125 0.1132202 0.8080444 -0.7029419 0.6755981 0.222229 -0.005859375 0.6755981 0.7372437 0.6993408 0.6755981 0.2333985 0.4381104 0.6755981 -0.5929565 0.942688 0.1132202 -0.3139038 0.5925903 0.05279542 -0.803772 -0.08435059 -0.1809082 -0.9798584 0.4577026 -0.8294678 0.3201294 0.9273682 -0.1259766 0.3522339 0.7233887 0.020813 -0.6901245 0.6872559 -0.335022 -0.6445313 0.3636475 0.004150402 -0.9315186 0.3324585 -0.3224487 -0.8862915 0 -0.3526001 -0.935791 -0.3324585 -0.3224487 -0.8862915 0.9855347 -0.1693115 0.001586912 0.5335693 -0.08563232 -0.8414307 -0.5349731 -0.08349609 -0.8407593 0.4955444 0.1542359 -0.8547974 -0.4971313 0.1519776 -0.854248 0.4192505 0.8433228 -0.3361816 0.4533691 0.8429565 -0.2896118 0.9443359 -0.09259032 -0.3157349 0.08435059 -0.1809082 -0.9798584 0.9456177 -0.3250122 -0.01171875 0.9003906 -0.3386841 0.2731934 0.699707 -0.3397827 0.628418 0.7388306 -0.1019898 0.6660767 -0.04602051 -0.1931152 0.9801025 0.4158325 0.02362059 0.9091187 0 -0.8129883 -0.5822754 -0.4117432 -0.8129883 -0.4117432 0.4117432 -0.8129883 -0.4117432 -0.5822754 -0.8129883 -9.892412E-09 0.5822754 -0.8129883 -9.892412E-09 -0.4117432 -0.8129883 0.4117432 0.4117432 -0.8129883 0.4117432 0 -0.8129883 0.5822754 0.3200073 0.9473267 0.01159669 0.9941406 0.104187 0.02868653 0.4733887 -0.8807983 -0.01184083 0.4337769 0.05065919 -0.8995972 -0.6929321 -0.2617188 -0.671814 -0.9175415 0.3174438 0.239502 -0.9492188 0.2944336 0.1109619 -0.2032471 -0.024292 0.9788208 -1 -0.005126953 0.005065918 -0.2086792 -0.001892102 0.9779663 0.9998779 0.015625 -0.00201416 -0.3278198 -0.9447021 0.008850086 -0.7009888 0.05285644 0.7112427 -0.2485352 -0.02087403 0.9683838 0.7774048 -0.3145142 0.5447388 -0.001220703 -0.5 0.8660278 -0.0009155273 -1.216796E-08 1 -0.7781982 0.3139648 0.5438232 0.7774048 0.3145142 0.5447388 -0.001220703 0.5 0.8660278 -0.0009155273 0.8660278 0.5 -0.7781982 0.6279907 7.641368E-09 0.7774048 0.6290283 7.653994E-09 -0.001220703 1 1.216796E-08 -0.0009155273 0.8660278 -0.5 0.1690674 0.9482422 0.2687988 0.1868896 0.9629517 0.194336 -0.2831421 -0.3419189 0.8960571 -0.5118408 -0.2678223 0.8162842 0.6625977 -0.08062745 0.7446289 0.9172363 0.397644 0.02349854 0.9974365 0.05010986 -0.05133057 0.6040039 0.04260255 -0.7958374 0.2675781 -0.2479248 -0.9310913 -0.1322632 -0.534729 -0.8345947 0.3733521 -0.9276733 0.007629383 -0.2032471 -0.961853 -0.1830444 -0.7029419 -0.4728394 -0.531311 -0.810791 -0.5258789 -0.2570801 -0.9682007 0.1704712 0.1831665 0 -1 -1.216796E-08 0.425354 -0.850647 0.309021 0.425354 -0.850647 -0.309021 0.850647 -0.5257568 -6.397391E-09 0.7236328 -0.4472046 -0.5257568 0.9471436 0.1132202 -0.3001099 0.5812988 0.05279542 -0.8120117 -0.1624756 -0.850647 0.5 0.2628784 -0.5257568 0.809021 0.7236328 -0.4472046 0.5257568 -0.5257568 -0.850647 -1.035064E-08 -0.6881714 -0.5257568 0.5 -0.2763672 -0.4472046 0.850647 -0.5898438 0.1132202 0.7994995 0.007019043 0.0527954 0.9985962 -0.1624756 -0.850647 -0.5 -0.6881714 -0.5257568 -0.5 -0.8944092 -0.4472046 -5.441569E-09 -0.9475708 0.05279541 0.3152466 0.2628784 -0.5257568 -0.809021 -0.2763672 -0.4472046 -0.850647 0.007263184 0.1132202 -0.9935303 -0.9890137 0.1477051 -0.001647947 0.9855347 -0.1693115 -0.001586916 0.5335693 -0.08563233 0.8414307 0.9890137 0.1477051 -0.001647947 0.4955444 0.1542358 0.8547974 -0.425354 -0.850647 -0.309021 -0.425354 -0.850647 0.309021 -0.850647 -0.5257568 -6.397391E-09 -0.7236328 -0.4472046 0.5257568 -0.9518433 0.05279541 0.3019409 -0.7877197 -0.6160278 0.002197258 -0.3831787 0.1366577 -0.9135132 0.1624756 -0.850647 0.5 -0.2628784 -0.5257568 0.809021 0.2763672 -0.4472046 0.850647 -0.007019043 0.0527954 0.9985962 0.5898438 0.1132202 0.7994995 0.5257568 -0.850647 -1.035064E-08 0.6881714 -0.5257568 0.5 0.8944092 -0.4472046 -5.441569E-09 0.9475708 0.05279541 0.3152466 -0.9128418 0.1004639 -0.3956909 -0.8322754 -0.399292 -0.3845215 0.3831787 0.1366577 -0.9135132 0.1624756 -0.850647 -0.5 -0.2628784 -0.5257568 -0.809021 -0.7236328 -0.4472046 -0.5257568 -0.5812988 0.05279542 -0.8120117 -0.9471436 0.1132202 -0.3001099 -0.4418945 -0.3484497 -0.8266602 -0.4926758 -0.2312622 -0.8389282 -0.6808472 0.5178833 -0.5178833 -0.6808472 -0.5178833 0.5178833 0.7781982 0.3139648 -0.5438232 0.0009155273 1.216796E-08 -1 0.7781982 -0.3139648 -0.5438232 0.001220703 -0.5 -0.8660278 0.0009155273 -0.8660278 -0.5 -0.7774048 -0.3145142 -0.5447388 -0.7774048 -0.6290283 -7.653994E-09 0.7781982 -0.6279907 -7.641368E-09 0.001220703 -1 -1.216796E-08 0.0009155273 -0.8660278 0.5 -0.7774048 -0.3145142 0.5447388 0.7781982 -0.3139648 0.5438232 0.0009155273 -1.216796E-08 1 0.7781982 0.3139648 0.5438232 0.001220703 0.5 0.8660278 0.0009155273 0.8660278 0.5 -0.7774048 0.3145142 0.5447388 -0.7774048 0.6290283 7.653994E-09 -0.5753784 0.8178711 9.951826E-09 -0.6808472 0.5178833 0.5178833 0.6808472 -0.5178833 -0.5178833 0.6808472 0.5179443 0.5178833 0.5753784 -0.8178711 -9.951826E-09 0.7781982 0.6279907 7.641368E-09 0.001220703 1 1.216796E-08 0.0009155273 0.8660278 -0.5 -0.7774048 0.3145142 -0.5447388 0.001220703 -0.5 0.8660278 -0.4285889 0.6755981 -0.5999146 -0.007263184 0.1132202 -0.9935303 -0.5753784 9.951826E-09 -0.8178711 -0.6808472 0.5179443 -0.5178833 0.5753784 9.951826E-09 -0.8178711 0.3330078 -0.1395874 0.9325562 0.3081665 -0.3956299 0.8651733 0 -0.1221924 0.9924927 0 -0.3726196 0.9279785 -0.3081665 -0.3956299 0.8651733 -0.3438721 0.9384155 0.03405763 0.02032471 -0.1717529 -0.9849243 0.08331299 -0.0831909 -0.993042 -0.003295898 -1 -0.0006103637 0 -1 -0.0001220825 -0.9273682 -0.1259766 0.3522339 0.4285889 0.6755981 -0.5999146 -0.003417969 -0.9702148 0.2423096 -0.5881958 -0.800354 -0.1159668 -0.4934082 -0.2352295 -0.8373413 0.001220703 0.5 -0.8660278 0.8704834 -0.4916992 -0.02105713 -0.3200073 0.9473267 0.01159669 -0.9941406 0.104187 0.02868653 -0.4337769 0.05065919 -0.8995972 0.003295898 -1 -0.0006103637 0 -1 -0.001098645 0.6400757 -0.7683105 0.003723135 1 -0.005126953 0.005065918 -0.1342163 0.0684204 0.9885864 0.3364258 0.2399292 -0.9106445 -0.605957 -0.09613036 -0.7896729 0.2086792 -0.001892102 0.9779663 -0.5349731 -0.0834961 0.8407593 -0.4971313 0.1519775 0.854248 0.7774048 0.3145142 -0.5447388 -0.001220703 0.5 -0.8660278 0.6881714 -0.5257568 -0.5 0.2763672 -0.4472046 -0.850647 -0.3330078 -0.1395874 0.9325562 -0.7388306 -0.1019898 0.6661377 -0.06939697 0.9951782 0.06939699 -0.09814453 0.9951782 1.210929E-08 -0.06939697 0.9951782 -0.06939696 0 0.9951782 -0.09814452 0.3352051 0.1507569 -0.9299927 -0.9443359 -0.09259032 -0.3157349 -0.3173218 0.1009521 0.9429321 0 0.2716064 0.9624023 0.8915405 0.1956177 0.4084473 0.09967041 -0.1356812 0.9857178 0.6808472 0.5178833 0.5178833 0.6643677 -0.6643677 0.3423462 0 -0.9395752 0.3423462 0 -1.216796E-08 1 -0.6643677 -0.6643677 0.3423462 -0.9395752 -4.165656E-09 0.3423462 -0.2885742 0.333252 0.897583 -0.9118652 0.2041626 0.3561401 0.09814453 0.9951782 1.210929E-08 0.06939697 0.9951782 0.06939699 0 0.9951782 0.09814455 0.6808472 0.5179443 -0.5178833 0.06939697 0.9951782 -0.06939696 0.5349731 -0.08349609 -0.8407593 -0.3733521 -0.9276733 0.007629383 -0.6696167 -0.7423706 -0.02166749 0.456543 0.05755614 0.8878174 0.9395752 -4.165656E-09 0.3423462 0.6643677 0.6643677 0.3423462 0 0.9395752 0.3423462 -0.6643677 0.6643677 0.3423462 0.8937378 -0.3189697 -0.3153687</float_array>
					<technique_common>
						<accessor source="#polygon1_NormArr" count="468" stride="3">
							<param name="X" type="float" />
							<param name="Y" type="float" />
							<param name="Z" type="float" />
						</accessor>
					</technique_common>
				</source>
				<source id="polygon1_UVs0">
					<float_array id="polygon1_UVArr0" count="724">0.01208496 0.3372498 0.01208496 0.1444397 0.1030273 0.3372498 0.1030273 0.1444397 0.1940002 0.3372498 0.1940002 0.1444397 0.2849426 0.3372498 0.2849426 0.1444397 0.375885 0.3372498 0.375885 0.1444397 0.4668579 0.3372498 0.4668579 0.1444397 0.5578003 0.3372498 0.5578003 0.1444397 0.6487427 0.3372498 0.6487427 0.1444397 0.7396851 0.3372498 0.7396851 0.1444397 0.2391968 0.46521 0.2635498 0.5371399 0.1643372 0.4831848 0.2016602 0.5948486 0.1781311 0.7139282 0.3901062 0.7474976 0.3605042 0.7919312 0.5842285 0.8014221 0.5587769 0.8266907 0.6792908 0.8118896 0.6343384 0.8346252 0.5195007 0.8525391 0.3614197 0.8193665 0.2824402 0.835144 0.203064 0.7969055 0.07058716 0.8092957 0.03372192 0.7599487 0.3487549 0.52771 0.3529968 0.6329956 0.6008606 0.7730408 0.7237549 0.7846375 0.1746216 0.7549133 0.02426147 0.7124634 0.4873352 0.00390625 0.4873352 0.01998901 0.5220032 0.00390625 0.5220032 0.01998901 0.5505066 0.01998901 0.5220032 0.03338623 0.5505066 0.03338623 0.5220032 0.05148315 0.5505066 0.05148315 0.5505066 0.0692749 0.5875244 0.05151367 0.5906982 0.0692749 0.6021729 0.0625 0.5942688 0.07788086 0.6127014 0.06921387 0.8267212 0.3780518 0.8267212 0.4295654 0.9064331 0.4038086 0.9064331 0.4295654 0.986145 0.4295654 0.9064331 0.4553223 0.986145 0.4811096 0.9064331 0.4811096 0.9064331 0.5068665 0.8267212 0.4811096 0.8267212 0.5326233 0.3960876 0.0682373 0.3685608 0.0682373 0.3960876 0.05374146 0.3685608 0.05374146 0.3960876 0.03372192 0.3685608 0.03372192 0.3685608 0.01861572 0.3239136 0.03372192 0.331665 0.01861572 0.3183289 0.01651001 0.3312988 0.003173828 0.5939331 0.5065613 0.5980225 0.6331787 0.7904053 0.6329651 0.7890015 0.675293 0.5985413 0.01263428 0.5985413 0.01855469 0.581665 0.01998901 0.6120605 0.02505493 0.6056213 0.02761841 0.6200256 0.04837036 0.6091614 0.04800415 0.03643799 0.001281738 0.03613281 0.01318359 0.01544189 0.01339722 0.03015137 0.02630615 0.01025391 0.02630615 0.02456665 0.04257202 0.003295898 0.04257202 0.02185059 0.05801392 0.0027771 0.05801392 0.01235962 0.07489014 0.5907898 0.00390625 0.5747681 0.00390625 0.4873352 0.03335571 0.4873352 0.05206299 0.06842041 0.01318359 0.06842041 0.02630615 0.1118469 0.02630615 0.1118469 0.04257202 0.1322937 0.02630615 0.1322937 0.04257202 0.4873352 0.06872559 0.4782715 0.06027222 0.4685974 0.06817627 0.4685974 0.0526123 0.7831116 0.7436218 0.1230164 0.8575745 0.3026428 0.8580933 0.3591309 0.07489014 0.3428955 0.07788086 0.346344 0.06817627 0.3317871 0.0682373 0.3347778 0.05374146 0.318573 0.04821777 0.3103638 0.03372192 0.8293762 0.8266602 0.7125549 0.8516541 0.8293762 0.8516541 0.7125549 0.9119873 0.8293762 0.9119873 0.8293762 0.9723206 0.9461975 0.9119873 0.9461975 0.9723206 0.9945679 0.9119873 0.8998108 0.8235168 0.9681396 0.8087158 0.8998108 0.8087158 0.9681396 0.7729797 0.8998108 0.7729797 0.8998108 0.7372742 0.8314819 0.7729797 0.8314819 0.7372742 0.8031616 0.7729797 0.4293213 0.03372192 0.4293213 0.01641846 0.3960876 0.01879883 0.3685608 0.003173828 0.34552 0.003173828 0.2743225 0.02911377 0.2658691 0.01358032 0.2538147 0.02911377 0.2435608 0.01358032 0.2244568 0.02911377 0.2244568 0.01358032 0.1941528 0.02911377 0.1941528 0.01358032 0.1621094 0.01358032 0.006988525 0.4967957 0.02734375 0.4833984 0.03149414 0.5007324 0.05999756 0.4906311 0.0602417 0.5050964 0.08883667 0.5005188 0.07815552 0.5166931 0.1134949 0.5133667 0.09313965 0.5267944 0.2670593 0.07626343 0.2554016 0.07626343 0.2555542 0.06033325 0.2244568 0.07626343 0.2244568 0.06033325 0.1941528 0.06033325 0.1941528 0.04351807 0.1621094 0.06066895 0.1621094 0.04351807 0.04815674 0.6400452 0.9950867 0.2138062 0.9550171 0.2572327 0.8948059 0.2138062 0.9149475 0.2572327 0.8780212 0.2572327 0.9149475 0.3299255 0.8780212 0.3299255 0.8780212 0.3642883 0.8388977 0.3299255 0.4632568 0.3890991 0.5182495 0.3544922 0.4375916 0.3905334 0.4087524 0.3544922 0.3540039 0.3957825 0.3545227 0.3544922 0.3002014 0.3980713 0.2964172 0.3544922 0.2069092 0.3544922 0.7802734 0.2138062 0.838562 0.2572327 0.7988586 0.2572327 0.7988281 0.3299255 0.7988281 0.3642883 0.763031 0.3299255 0.1322937 0.01318359 0.1118469 0.01318359 0.2781372 0.03604126 0.2640076 0.04351807 0.2781372 0.04351807 0.2738647 0.06033325 0.1621094 0.02911377 0.2244568 0.04351807 0.2172241 0.3980713 0.08233643 0.3980713 0.06893921 0.3544922 0.003601074 0.3980713 0.003845215 0.3544922 0.763031 0.2572327 0.1941528 0.07626343 0.1621094 0.07592773 0.1540527 0.06747437 0.1453552 0.06097412 0.1453552 0.07537842 0.5037842 0.3868713 0.224762 0.9453125 0.1690369 0.9340515 0.2804871 0.9340515 0.1459351 0.9068604 0.3035583 0.9068604 0.1690369 0.8796997 0.2804871 0.8796997 0.224762 0.8684387 0.3960876 0.003173828 0.4284973 0.003173828 0.4358826 0.01022339 0.4430237 0.01739502 0.4421997 0.002960205 0.06842041 0.04257202 0.06842041 0.05801392 0.1118469 0.05801392 0.1118469 0.07489014 0.986145 0.5326233 0.9064331 0.5326233 0.9064331 0.5583801 0.8267212 0.5841675 0.986145 0.5841675 0.9064331 0.5841675 0.9064331 0.6099243 0.8267212 0.6356812 0.986145 0.6356812 0.9064331 0.6356812 0.9064331 0.661438 0.8267212 0.6871948 0.5505066 0.00390625 0.2373657 0.002716064 0.2549744 0.002593994 0.8548889 0.07510376 0.8211975 0.05377197 0.8842163 0.05377197 0.8532715 0.03051758 0.8855896 0.02603149 0.8694458 0.002807617 0.9017639 0.002807617 0.789917 0.07415771 0.756073 0.05377197 0.7886658 0.03051758 0.8209534 0.02603149 0.8048096 0.002807617 0.8371277 0.002807617 0.7279358 0.07473755 0.6958618 0.05377197 0.7242737 0.03051758 0.7563477 0.02603149 0.7401733 0.002807617 0.7724915 0.002807617 0.6684265 0.07476807 0.6442566 0.05380249 0.6593628 0.03051758 0.6917114 0.02603149 0.6755676 0.002807617 0.7078857 0.002807617 0.9189148 0.07415771 0.9470215 0.05377197 0.9179077 0.03051758 0.9502258 0.02603149 0.9340515 0.002807617 0.9663696 0.002807617 0.9950867 0.2572327 0.9950867 0.3299255 0.9550171 0.3299255 0.9550171 0.3642883 0.5869141 0.03338623 0.4293213 0.05374146 0.4293213 0.0682373 0.8314819 0.8087158 0.9461975 0.8516541 0.986145 0.6871948 0.006988525 0.5133667 0.04272461 0.5168457 0.02734375 0.5267944 0.0602417 0.5318909 0.1134949 0.4967957 0.09313965 0.4833984 0.0602417 0.4782715 0.6641541 0.9119873 0.7125549 0.9723206 0.8293762 0.9973145 0.99646 0.7729797 0.9681396 0.7372742 0.8998108 0.7224731 0.632782 0.382782 0.6417542 0.3544922 0.7394409 0.3824158 0.7402649 0.3540955 0.375885 0.09289551 0.4668579 0.09289551 0.1400146 0.4590149 0.1844788 0.447876 0.04238892 0.4486389 0.2070618 0.4284668 0.01644897 0.4277344 0.01223755 0.409668 0.1030273 0.09289551 0.1940002 0.09289551 0.3616638 0.9240723 0.297821 0.9404907 0.4247437 0.943512 0.2970581 0.9763184 0.4239807 0.9793396 0.3601379 0.9957275 0.6487427 0.09289551 0.7396851 0.09289551 0.2849426 0.09289551 0.9064331 0.6871948 0.9064331 0.7129822 0.2121277 0.409668 0.1086731 0.4615479 0.07553101 0.4584961 0.02877808 0.07489014 0.06842041 0.07489014 0.5578003 0.09289551 0.5468445 0.8747559 0.6450195 0.9019165 0.4491577 0.9035645 0.6455078 0.9578552 0.449646 0.9595032 0.5478516 0.9866638 0.9986877 0.002807617 0.9825439 0.03051758 0.7620544 0.1194458 0.7619324 0.1675415 0.8790588 0.1434631 0.8304138 0.2015381 0.9273987 0.2014771 0.9277039 0.08535767 0.9961853 0.1193542 0.9960632 0.16745 0.7929077 0.5016785 0.5220032 0.0692749 0.04452515 0.9981995 0.0008239746 0.9981995 0.08822632 0.8823547 0.0881958 0.9981995 0.830719 0.0854187 0.01208496 0.09289551 0.986145 0.3780518 0.131897 0.9981995 0.1755676 0.9981995</float_array>
					<technique_common>
						<accessor source="#polygon1_UVArr0" count="362" stride="2">
							<param name="S" type="float" />
							<param name="T" type="float" />
						</accessor>
					</technique_common>
				</source>
				<source id="polygon1_UVs1">
					<float_array id="polygon1_UVArr1" count="724">0.01208496 0.3372498 0.01208496 0.1444397 0.1030273 0.3372498 0.1030273 0.1444397 0.1940002 0.3372498 0.1940002 0.1444397 0.2849426 0.3372498 0.2849426 0.1444397 0.375885 0.3372498 0.375885 0.1444397 0.4668579 0.3372498 0.4668579 0.1444397 0.5578003 0.3372498 0.5578003 0.1444397 0.6487427 0.3372498 0.6487427 0.1444397 0.7396851 0.3372498 0.7396851 0.1444397 0.2391968 0.46521 0.2635498 0.5371399 0.1643372 0.4831848 0.2016602 0.5948486 0.1781311 0.7139282 0.3901062 0.7474976 0.3605042 0.7919312 0.5842285 0.8014221 0.5587769 0.8266907 0.6792908 0.8118896 0.6343384 0.8346252 0.5195007 0.8525391 0.3614197 0.8193665 0.2824402 0.835144 0.203064 0.7969055 0.07058716 0.8092957 0.03372192 0.7599487 0.3487549 0.52771 0.3529968 0.6329956 0.6008606 0.7730408 0.7237549 0.7846375 0.1746216 0.7549133 0.02426147 0.7124634 0.4873352 0.00390625 0.4873352 0.01998901 0.5220032 0.00390625 0.5220032 0.01998901 0.5505066 0.01998901 0.5220032 0.03338623 0.5505066 0.03338623 0.5220032 0.05148315 0.5505066 0.05148315 0.5505066 0.0692749 0.5875244 0.05151367 0.5906982 0.0692749 0.6021729 0.0625 0.5942688 0.07788086 0.6127014 0.06921387 0.8267212 0.3780518 0.8267212 0.4295654 0.9064331 0.4038086 0.9064331 0.4295654 0.986145 0.4295654 0.9064331 0.4553223 0.986145 0.4811096 0.9064331 0.4811096 0.9064331 0.5068665 0.8267212 0.4811096 0.8267212 0.5326233 0.3960876 0.0682373 0.3685608 0.0682373 0.3960876 0.05374146 0.3685608 0.05374146 0.3960876 0.03372192 0.3685608 0.03372192 0.3685608 0.01861572 0.3239136 0.03372192 0.331665 0.01861572 0.3183289 0.01651001 0.3312988 0.003173828 0.5939331 0.5065613 0.5980225 0.6331787 0.7904053 0.6329651 0.7890015 0.675293 0.5985413 0.01263428 0.5985413 0.01855469 0.581665 0.01998901 0.6120605 0.02505493 0.6056213 0.02761841 0.6200256 0.04837036 0.6091614 0.04800415 0.03643799 0.001281738 0.03613281 0.01318359 0.01544189 0.01339722 0.03015137 0.02630615 0.01025391 0.02630615 0.02456665 0.04257202 0.003295898 0.04257202 0.02185059 0.05801392 0.0027771 0.05801392 0.01235962 0.07489014 0.5907898 0.00390625 0.5747681 0.00390625 0.4873352 0.03335571 0.4873352 0.05206299 0.06842041 0.01318359 0.06842041 0.02630615 0.1118469 0.02630615 0.1118469 0.04257202 0.1322937 0.02630615 0.1322937 0.04257202 0.4873352 0.06872559 0.4782715 0.06027222 0.4685974 0.06817627 0.4685974 0.0526123 0.7831116 0.7436218 0.1230164 0.8575745 0.3026428 0.8580933 0.3591309 0.07489014 0.3428955 0.07788086 0.346344 0.06817627 0.3317871 0.0682373 0.3347778 0.05374146 0.318573 0.04821777 0.3103638 0.03372192 0.8293762 0.8266602 0.7125549 0.8516541 0.8293762 0.8516541 0.7125549 0.9119873 0.8293762 0.9119873 0.8293762 0.9723206 0.9461975 0.9119873 0.9461975 0.9723206 0.9945679 0.9119873 0.8998108 0.8235168 0.9681396 0.8087158 0.8998108 0.8087158 0.9681396 0.7729797 0.8998108 0.7729797 0.8998108 0.7372742 0.8314819 0.7729797 0.8314819 0.7372742 0.8031616 0.7729797 0.4293213 0.03372192 0.4293213 0.01641846 0.3960876 0.01879883 0.3685608 0.003173828 0.34552 0.003173828 0.2743225 0.02911377 0.2658691 0.01358032 0.2538147 0.02911377 0.2435608 0.01358032 0.2244568 0.02911377 0.2244568 0.01358032 0.1941528 0.02911377 0.1941528 0.01358032 0.1621094 0.01358032 0.006988525 0.4967957 0.02734375 0.4833984 0.03149414 0.5007324 0.05999756 0.4906311 0.0602417 0.5050964 0.08883667 0.5005188 0.07815552 0.5166931 0.1134949 0.5133667 0.09313965 0.5267944 0.2670593 0.07626343 0.2554016 0.07626343 0.2555542 0.06033325 0.2244568 0.07626343 0.2244568 0.06033325 0.1941528 0.06033325 0.1941528 0.04351807 0.1621094 0.06066895 0.1621094 0.04351807 0.04815674 0.6400452 0.9950867 0.2138062 0.9550171 0.2572327 0.8948059 0.2138062 0.9149475 0.2572327 0.8780212 0.2572327 0.9149475 0.3299255 0.8780212 0.3299255 0.8780212 0.3642883 0.8388977 0.3299255 0.4632568 0.3890991 0.5182495 0.3544922 0.4375916 0.3905334 0.4087524 0.3544922 0.3540039 0.3957825 0.3545227 0.3544922 0.3002014 0.3980713 0.2964172 0.3544922 0.2069092 0.3544922 0.7802734 0.2138062 0.838562 0.2572327 0.7988586 0.2572327 0.7988281 0.3299255 0.7988281 0.3642883 0.763031 0.3299255 0.1322937 0.01318359 0.1118469 0.01318359 0.2781372 0.03604126 0.2640076 0.04351807 0.2781372 0.04351807 0.2738647 0.06033325 0.1621094 0.02911377 0.2244568 0.04351807 0.2172241 0.3980713 0.08233643 0.3980713 0.06893921 0.3544922 0.003601074 0.3980713 0.003845215 0.3544922 0.763031 0.2572327 0.1941528 0.07626343 0.1621094 0.07592773 0.1540527 0.06747437 0.1453552 0.06097412 0.1453552 0.07537842 0.5037842 0.3868713 0.224762 0.9453125 0.1690369 0.9340515 0.2804871 0.9340515 0.1459351 0.9068604 0.3035583 0.9068604 0.1690369 0.8796997 0.2804871 0.8796997 0.224762 0.8684387 0.3960876 0.003173828 0.4284973 0.003173828 0.4358826 0.01022339 0.4430237 0.01739502 0.4421997 0.002960205 0.06842041 0.04257202 0.06842041 0.05801392 0.1118469 0.05801392 0.1118469 0.07489014 0.986145 0.5326233 0.9064331 0.5326233 0.9064331 0.5583801 0.8267212 0.5841675 0.986145 0.5841675 0.9064331 0.5841675 0.9064331 0.6099243 0.8267212 0.6356812 0.986145 0.6356812 0.9064331 0.6356812 0.9064331 0.661438 0.8267212 0.6871948 0.5505066 0.00390625 0.2373657 0.002716064 0.2549744 0.002593994 0.8548889 0.07510376 0.8211975 0.05377197 0.8842163 0.05377197 0.8532715 0.03051758 0.8855896 0.02603149 0.8694458 0.002807617 0.9017639 0.002807617 0.789917 0.07415771 0.756073 0.05377197 0.7886658 0.03051758 0.8209534 0.02603149 0.8048096 0.002807617 0.8371277 0.002807617 0.7279358 0.07473755 0.6958618 0.05377197 0.7242737 0.03051758 0.7563477 0.02603149 0.7401733 0.002807617 0.7724915 0.002807617 0.6684265 0.07476807 0.6442566 0.05380249 0.6593628 0.03051758 0.6917114 0.02603149 0.6755676 0.002807617 0.7078857 0.002807617 0.9189148 0.07415771 0.9470215 0.05377197 0.9179077 0.03051758 0.9502258 0.02603149 0.9340515 0.002807617 0.9663696 0.002807617 0.9950867 0.2572327 0.9950867 0.3299255 0.9550171 0.3299255 0.9550171 0.3642883 0.5869141 0.03338623 0.4293213 0.05374146 0.4293213 0.0682373 0.8314819 0.8087158 0.9461975 0.8516541 0.986145 0.6871948 0.006988525 0.5133667 0.04272461 0.5168457 0.02734375 0.5267944 0.0602417 0.5318909 0.1134949 0.4967957 0.09313965 0.4833984 0.0602417 0.4782715 0.6641541 0.9119873 0.7125549 0.9723206 0.8293762 0.9973145 0.99646 0.7729797 0.9681396 0.7372742 0.8998108 0.7224731 0.632782 0.382782 0.6417542 0.3544922 0.7394409 0.3824158 0.7402649 0.3540955 0.375885 0.09289551 0.4668579 0.09289551 0.1400146 0.4590149 0.1844788 0.447876 0.04238892 0.4486389 0.2070618 0.4284668 0.01644897 0.4277344 0.01223755 0.409668 0.1030273 0.09289551 0.1940002 0.09289551 0.3616638 0.9240723 0.297821 0.9404907 0.4247437 0.943512 0.2970581 0.9763184 0.4239807 0.9793396 0.3601379 0.9957275 0.6487427 0.09289551 0.7396851 0.09289551 0.2849426 0.09289551 0.9064331 0.6871948 0.9064331 0.7129822 0.2121277 0.409668 0.1086731 0.4615479 0.07553101 0.4584961 0.02877808 0.07489014 0.06842041 0.07489014 0.5578003 0.09289551 0.5468445 0.8747559 0.6450195 0.9019165 0.4491577 0.9035645 0.6455078 0.9578552 0.449646 0.9595032 0.5478516 0.9866638 0.9986877 0.002807617 0.9825439 0.03051758 0.7620544 0.1194458 0.7619324 0.1675415 0.8790588 0.1434631 0.8304138 0.2015381 0.9273987 0.2014771 0.9277039 0.08535767 0.9961853 0.1193542 0.9960632 0.16745 0.7929077 0.5016785 0.5220032 0.0692749 0.04452515 0.9981995 0.0008239746 0.9981995 0.08822632 0.8823547 0.0881958 0.9981995 0.830719 0.0854187 0.01208496 0.09289551 0.986145 0.3780518 0.131897 0.9981995 0.1755676 0.9981995</float_array>
					<technique_common>
						<accessor source="#polygon1_UVArr1" count="362" stride="2">
							<param name="S" type="float" />
							<param name="T" type="float" />
						</accessor>
					</technique_common>
				</source>
				<vertices id="polygon1_Vertices">
					<input semantic="POSITION" source="#polygon1_Positions" />
				</vertices>
				<triangles material="enm_porn_head__enMetal__" count="858">
					<input semantic="VERTEX" source="#polygon1_Vertices" offset="0" />
					<input semantic="NORMAL" source="#polygon1_Normals" offset="1" />
					<input semantic="TEXCOORD" source="#polygon1_UVs0" set="0" offset="2" />
					<input semantic="TEXCOORD" source="#polygon1_UVs1" set="1" offset="3" />
					<p>2 2 2 2 1 1 1 1 0 0 0 0 3 3 3 3 1 1 1 1 2 2 2 2 4 4 4 4 3 3 3 3 2 2 2 2 5 5 5 5 3 3 3 3 4 4 4 4 6 6 6 6 5 5 5 5 4 4 4 4 7 7 7 7 5 5 5 5 6 6 6 6 8 8 8 8 7 7 7 7 6 6 6 6 9 9 9 9 7 7 7 7 8 8 8 8 10 10 10 10 9 9 9 9 8 8 8 8 11 11 11 11 9 9 9 9 10 10 10 10 12 12 12 12 11 11 11 11 10 10 10 10 13 13 13 13 11 11 11 11 12 12 12 12 14 14 14 14 13 13 13 13 12 12 12 12 15 15 15 15 13 13 13 13 14 14 14 14 0 0 16 16 15 15 15 15 14 14 14 14 1 1 17 17 15 15 15 15 0 0 16 16 18 18 20 20 17 17 19 19 16 16 18 18 19 19 21 21 17 17 19 19 18 18 20 20 20 20 22 22 19 19 21 21 18 18 20 20 21 21 23 23 19 19 21 21 20 20 22 22 22 22 24 24 21 21 23 23 20 20 22 22 23 23 25 25 21 21 23 23 22 22 24 24 24 24 26 26 23 23 25 25 22 22 24 24 25 25 27 27 23 23 25 25 24 24 26 26 26 26 28 28 25 25 27 27 24 24 26 26 27 27 26 26 25 25 27 27 26 26 28 28 28 28 29 29 27 27 26 26 26 26 28 28 29 29 30 30 27 27 26 26 28 28 29 29 30 30 31 31 29 29 30 30 28 28 29 29 31 31 32 32 29 29 30 30 30 30 31 31 32 32 33 33 31 31 32 32 30 30 31 31 33 33 34 34 31 31 32 32 32 32 33 33 19 19 21 21 34 34 35 35 17 17 19 19 35 35 36 36 34 34 35 35 19 19 21 21 21 21 23 23 35 35 36 36 19 19 21 21 36 36 37 37 35 35 36 36 21 21 23 23 23 23 25 25 36 36 37 37 21 21 23 23 37 37 38 38 36 36 37 37 23 23 25 25 25 25 27 27 37 37 38 38 23 23 25 25 38 38 25 25 37 37 38 38 25 25 27 27 27 27 26 26 38 38 25 25 25 25 27 27 39 39 24 24 38 38 25 25 27 27 26 26 29 29 30 30 39 39 24 24 27 27 26 26 40 40 39 39 39 39 24 24 29 29 30 30 31 31 32 32 40 40 39 39 29 29 30 30 41 41 40 40 40 40 39 39 31 31 32 32 33 33 34 34 41 41 40 40 31 31 32 32 44 44 43 43 43 43 42 42 42 42 41 41 45 45 44 44 43 43 42 42 44 44 43 43 46 46 45 45 45 45 44 44 44 44 43 43 47 47 46 46 45 45 44 44 46 46 45 45 48 48 47 47 47 47 46 46 46 46 45 45 49 49 48 48 47 47 46 46 48 48 47 47 50 50 49 49 49 49 48 48 48 48 47 47 51 51 50 50 49 49 48 48 50 50 49 49 52 52 51 51 51 51 50 50 50 50 49 49 53 53 52 52 51 51 50 50 52 52 51 51 54 54 53 53 53 53 52 52 52 52 51 51 55 55 54 54 53 53 52 52 54 54 53 53 56 56 55 55 55 55 54 54 54 54 53 53 59 59 58 58 58 58 57 57 57 57 56 56 60 60 59 59 58 58 57 57 59 59 58 58 61 61 60 60 60 60 59 59 59 59 58 58 62 62 61 61 60 60 59 59 61 61 60 60 63 63 62 62 62 62 61 61 61 61 60 60 64 64 63 63 62 62 61 61 63 63 62 62 65 65 64 64 64 64 63 63 63 63 62 62 66 66 65 65 64 64 63 63 65 65 64 64 67 67 66 66 66 66 65 65 65 65 64 64 70 70 69 69 69 69 68 68 68 68 67 67 71 71 70 70 69 69 68 68 70 70 69 69 72 72 71 71 71 71 70 70 70 70 69 69 73 73 72 72 71 71 70 70 72 72 71 71 74 74 73 73 73 73 72 72 72 72 71 71 75 75 74 74 73 73 72 72 74 74 73 73 76 76 75 75 75 75 74 74 74 74 73 73 77 77 76 76 75 75 74 74 76 76 75 75 78 78 77 77 77 77 76 76 76 76 75 75 81 81 19 19 80 80 20 20 79 79 18 18 82 82 21 21 80 80 20 20 81 81 19 19 83 83 35 35 82 82 21 21 81 81 19 19 84 84 36 36 82 82 21 21 83 83 35 35 85 85 78 78 84 84 36 36 83 83 35 35 86 86 79 79 84 84 36 36 85 85 78 78 87 87 80 80 86 86 79 79 85 85 78 78 88 88 81 81 86 86 79 79 87 87 80 80 89 89 79 79 88 88 81 81 87 87 80 80 92 92 84 84 91 91 83 83 90 90 82 82 93 93 85 85 91 91 83 83 92 92 84 84 94 94 86 86 93 93 85 85 92 92 84 84 95 95 87 87 93 93 85 85 94 94 86 86 96 96 88 88 95 95 87 87 94 94 86 86 97 97 55 55 95 95 87 87 96 96 88 88 98 98 53 53 97 97 55 55 96 96 88 88 99 99 54 54 97 97 55 55 98 98 53 53 100 100 52 52 99 99 54 54 98 98 53 53 103 103 91 91 102 102 90 90 101 101 89 89 104 104 92 92 102 102 90 90 103 103 91 91 105 105 93 93 104 104 92 92 103 103 91 91 106 106 94 94 104 104 92 92 105 105 93 93 107 107 95 95 106 106 94 94 105 105 93 93 108 108 96 96 106 106 94 94 107 107 95 95 109 109 97 97 108 108 96 96 107 107 95 95 101 101 98 98 108 108 96 96 109 109 97 97 100 100 100 100 90 90 82 82 99 99 99 99 92 92 84 84 90 90 82 82 100 100 100 100 110 110 45 45 92 92 84 84 100 100 100 100 111 111 47 47 92 92 84 84 110 110 45 45 112 112 46 46 111 111 47 47 110 110 45 45 113 113 48 48 111 111 47 47 112 112 46 46 114 114 101 101 113 113 48 48 112 112 46 46 115 115 102 102 113 113 48 48 114 114 101 101 118 118 90 90 117 117 91 91 116 116 89 89 119 119 92 92 117 117 91 91 118 118 90 90 120 120 103 103 119 119 92 92 118 118 90 90 121 121 104 104 119 119 92 92 120 120 103 103 122 122 105 105 121 121 104 104 120 120 103 103 123 123 106 106 121 121 104 104 122 122 105 105 124 124 107 107 123 123 106 106 122 122 105 105 125 125 108 108 123 123 106 106 124 124 107 107 47 47 46 46 43 43 42 42 45 45 44 44 126 126 101 101 43 43 42 42 47 47 46 46 49 49 48 48 126 126 101 101 47 47 46 46 127 127 102 102 126 126 101 101 49 49 48 48 42 42 109 109 127 127 102 102 49 49 48 48 128 128 110 110 127 127 102 102 42 42 109 109 43 43 111 111 128 128 110 110 42 42 109 109 126 126 112 112 128 128 110 110 43 43 111 111 35 35 36 36 129 129 78 78 34 34 35 35 89 89 79 79 129 129 78 78 35 35 36 36 36 36 37 37 89 89 79 79 35 35 36 36 88 88 81 81 89 89 79 79 36 36 37 37 130 130 113 113 88 88 81 81 36 36 37 37 131 131 37 37 88 88 81 81 130 130 113 113 37 37 38 38 131 131 37 37 130 130 113 113 38 38 25 25 131 131 37 37 37 37 38 38 30 30 31 31 132 132 114 114 32 32 33 33 133 133 115 115 132 132 114 114 30 30 31 31 28 28 29 29 133 133 115 115 30 30 31 31 134 134 31 31 133 133 115 115 28 28 29 29 135 135 30 30 134 134 31 31 28 28 29 29 136 136 32 32 134 134 31 31 135 135 30 30 137 137 39 39 136 136 32 32 135 135 30 30 138 138 40 40 136 136 32 32 137 137 39 39 140 140 118 118 139 139 117 117 78 78 116 116 141 141 119 119 139 139 117 117 140 140 118 118 142 142 120 120 141 141 119 119 140 140 118 118 143 143 121 121 141 141 119 119 142 142 120 120 75 75 74 74 143 143 121 121 142 142 120 120 144 144 122 122 143 143 121 121 75 75 74 74 77 77 76 76 144 144 122 122 75 75 74 74 147 147 125 125 146 146 124 124 145 145 123 123 148 148 126 126 146 146 124 124 147 147 125 125 149 149 127 127 148 148 126 126 147 147 125 125 150 150 128 128 148 148 126 126 149 149 127 127 151 151 129 129 150 150 128 128 149 149 127 127 152 152 130 130 150 150 128 128 151 151 129 129 153 153 131 131 152 152 130 130 151 151 129 129 156 156 134 134 155 155 133 133 154 154 132 132 157 157 135 135 155 155 133 133 156 156 134 134 158 158 136 136 157 157 135 135 156 156 134 134 159 159 137 137 157 157 135 135 158 158 136 136 160 160 138 138 159 159 137 137 158 158 136 136 161 161 139 139 159 159 137 137 160 160 138 138 162 162 140 140 161 161 139 139 160 160 138 138 165 165 71 71 164 164 142 142 163 163 141 141 166 166 143 143 164 164 142 142 165 165 71 71 167 167 73 73 166 166 143 143 165 165 71 71 168 168 144 144 166 166 143 143 167 167 73 73 169 169 75 75 168 168 144 144 167 167 73 73 170 170 145 145 168 168 144 144 169 169 75 75 171 171 77 77 170 170 145 145 169 169 75 75 174 174 148 148 173 173 147 147 172 172 146 146 175 175 149 149 173 173 147 147 174 174 148 148 176 176 150 150 175 175 149 149 174 174 148 148 177 177 151 151 175 175 149 149 176 176 150 150 178 178 152 152 177 177 151 151 176 176 150 150 179 179 153 153 177 177 151 151 178 178 152 152 180 180 154 154 179 179 153 153 178 178 152 152 183 183 157 157 182 182 156 156 181 181 155 155 184 184 158 158 182 182 156 156 183 183 157 157 185 185 159 159 184 184 158 158 183 183 157 157 186 186 160 160 184 184 158 158 185 185 159 159 187 187 161 161 186 186 160 160 185 185 159 159 188 188 162 162 186 186 160 160 187 187 161 161 189 189 163 163 188 188 162 162 187 187 161 161 192 192 166 166 191 191 165 165 190 190 164 164 193 193 167 167 191 191 165 165 192 192 166 166 194 194 168 168 193 193 167 167 192 192 166 166 195 195 169 169 193 193 167 167 194 194 168 168 196 196 170 170 195 195 169 169 194 194 168 168 197 197 171 171 195 195 169 169 196 196 170 170 198 198 172 172 197 197 171 171 196 196 170 170 24 24 26 26 28 28 29 29 26 26 28 28 135 135 30 30 28 28 29 29 24 24 26 26 22 22 24 24 135 135 30 30 24 24 26 26 137 137 39 39 135 135 30 30 22 22 24 24 20 20 22 22 137 137 39 39 22 22 24 24 138 138 40 40 137 137 39 39 20 20 22 22 199 199 173 173 138 138 40 40 20 20 22 22 202 202 176 176 201 201 175 175 200 200 174 174 203 203 177 177 201 201 175 175 202 202 176 176 204 204 178 178 203 203 177 177 202 202 176 176 205 205 179 179 203 203 177 177 204 204 178 178 206 206 180 180 205 205 179 179 204 204 178 178 207 185 181 181 205 205 179 179 206 206 180 180 208 207 182 182 207 185 181 181 206 206 180 180 80 80 185 185 209 208 184 184 79 79 183 183 210 209 186 186 209 208 184 184 80 80 185 185 211 210 187 187 210 209 186 186 80 80 185 185 212 211 188 188 210 209 186 186 211 210 187 187 41 41 189 189 212 211 188 188 211 210 187 187 213 212 190 190 212 211 188 188 41 41 189 189 214 213 191 191 213 212 190 190 41 41 189 189 131 131 37 37 86 86 79 79 88 88 81 81 84 84 36 36 86 86 79 79 131 131 37 37 215 214 23 23 84 84 36 36 131 131 37 37 82 82 21 21 84 84 36 36 215 214 23 23 216 215 22 22 82 82 21 21 215 214 23 23 80 80 20 20 82 82 21 21 216 215 22 22 211 210 173 173 80 80 20 20 216 215 22 22 219 216 193 193 218 200 192 192 217 202 176 176 220 217 194 194 218 200 192 192 219 216 193 193 221 218 182 182 220 217 194 194 219 216 193 193 222 219 195 195 220 217 194 194 221 218 182 182 223 185 196 196 222 219 195 195 221 218 182 182 224 220 197 197 222 219 195 195 223 185 196 196 227 223 199 199 226 222 107 107 225 221 198 198 228 224 105 105 226 222 107 107 227 223 199 199 229 225 103 103 228 224 105 105 227 223 199 199 230 226 104 104 228 224 105 105 229 225 103 103 104 104 92 92 230 226 104 104 229 225 103 103 106 106 94 94 230 226 104 104 104 104 92 92 231 227 200 200 174 174 148 148 172 172 146 146 232 228 201 201 174 174 148 148 231 227 200 200 233 229 202 202 232 228 201 201 231 227 200 200 234 230 166 166 232 228 201 201 233 229 202 202 235 231 203 203 234 230 166 166 233 229 202 202 236 232 164 164 234 230 166 166 235 231 203 203 239 235 158 158 238 234 157 157 237 233 156 156 240 185 159 159 238 234 157 157 239 235 158 158 241 236 160 160 240 185 159 159 239 235 158 158 242 237 161 161 240 185 159 159 241 236 160 160 243 238 162 162 242 237 161 161 241 236 160 160 244 239 163 163 242 237 161 161 243 238 162 162 178 178 152 152 245 240 204 204 180 180 154 154 246 241 170 170 245 240 204 204 178 178 152 152 176 176 150 150 246 241 170 170 178 178 152 152 247 242 205 205 246 241 170 170 176 176 150 150 174 174 148 148 247 242 205 205 176 176 150 150 232 228 201 201 247 242 205 205 174 174 148 148 249 244 191 191 248 243 206 206 138 138 189 189 250 245 207 207 248 243 206 206 249 244 191 191 251 246 208 208 250 245 207 207 249 244 191 191 132 132 209 209 250 245 207 207 251 246 208 208 252 247 210 210 132 132 209 209 251 246 208 208 253 248 208 208 132 132 209 209 252 247 210 210 200 200 192 192 254 249 193 193 202 202 176 176 255 250 194 194 254 249 193 193 200 200 192 192 256 251 211 211 255 250 194 194 200 200 192 192 257 252 195 195 255 250 194 194 256 251 211 211 258 253 197 197 257 252 195 195 256 251 211 211 207 185 196 196 257 252 195 195 258 253 197 197 195 195 169 169 259 254 212 212 193 193 167 167 260 255 213 213 259 254 212 212 195 195 169 169 197 197 171 171 260 255 213 213 195 195 169 169 261 256 214 214 260 255 213 213 197 197 171 171 198 198 215 215 261 256 214 214 197 197 171 171 262 257 216 216 261 256 214 214 198 198 215 215 199 199 187 187 263 258 188 188 138 138 189 189 264 259 186 186 263 258 188 188 199 199 187 187 18 18 185 185 264 259 186 186 199 199 187 187 265 260 184 184 264 259 186 186 18 18 185 185 16 16 183 183 265 260 184 184 18 18 185 185 266 261 217 217 265 260 184 184 16 16 183 183 76 76 75 75 140 140 145 145 78 78 77 77 69 69 144 144 140 140 145 145 76 76 75 75 74 74 73 73 69 69 144 144 76 76 75 75 267 262 143 143 69 69 144 144 74 74 73 73 72 72 71 71 267 262 143 143 74 74 73 73 268 263 142 142 267 262 143 143 72 72 71 71 271 266 220 220 270 265 219 219 269 264 218 218 272 267 221 221 270 265 219 219 271 266 220 220 273 268 222 222 272 267 221 221 271 266 220 220 274 269 223 223 272 267 221 221 273 268 222 222 275 270 224 224 274 269 223 223 273 268 222 222 276 271 225 225 274 269 223 223 275 270 224 224 267 262 143 143 68 68 226 226 69 69 144 144 277 272 227 227 68 68 226 226 267 262 143 143 268 263 142 142 277 272 227 227 267 262 143 143 278 273 228 228 277 272 227 227 268 263 142 142 279 274 229 229 278 273 228 228 268 263 142 142 280 275 230 230 278 273 228 228 279 274 229 229 283 278 94 94 282 277 95 95 281 276 93 93 284 279 96 96 282 277 95 95 283 278 94 94 285 280 231 231 284 279 96 96 283 278 94 94 286 281 232 232 284 279 96 96 285 280 231 231 125 125 233 233 286 281 232 232 285 280 231 231 287 282 234 234 286 281 232 232 125 125 233 233 119 119 92 92 281 276 93 93 117 117 91 91 283 278 94 94 281 276 93 93 119 119 92 92 121 121 104 104 283 278 94 94 119 119 92 92 285 280 231 231 283 278 94 94 121 121 104 104 123 123 106 106 285 280 231 231 121 121 104 104 125 125 233 233 285 280 231 231 123 123 106 106 246 241 170 170 288 283 172 172 245 240 204 204 289 284 171 171 288 283 172 172 246 241 170 170 290 285 169 169 289 284 171 171 246 241 170 170 180 180 213 213 289 284 171 171 290 285 169 169 179 179 212 212 180 180 213 213 290 285 169 169 291 286 235 235 65 65 64 64 63 63 62 62 292 287 236 236 65 65 64 64 291 286 235 235 293 288 237 237 292 287 236 236 291 286 235 235 67 67 66 66 292 287 236 236 293 288 237 237 294 289 238 238 67 67 66 66 293 288 237 237 295 290 239 239 293 288 237 237 291 286 235 235 296 291 240 240 293 288 237 237 295 290 239 239 297 292 241 241 296 291 240 240 295 290 239 239 294 289 238 238 296 291 240 240 297 292 241 241 298 293 242 242 294 289 238 238 297 292 241 241 299 294 243 243 297 292 241 241 295 290 239 239 300 295 244 244 297 292 241 241 299 294 243 243 301 296 245 245 300 295 244 244 299 294 243 243 298 293 242 242 300 295 244 244 301 296 245 245 57 57 246 246 298 293 242 242 301 296 245 245 112 112 46 46 302 297 42 42 114 114 101 101 303 298 44 44 302 297 42 42 112 112 46 46 110 110 45 45 303 298 44 44 112 112 46 46 304 299 43 43 303 298 44 44 110 110 45 45 305 300 247 247 304 299 43 43 110 110 45 45 308 303 74 74 307 302 122 122 306 301 76 76 309 304 121 121 307 302 122 122 308 303 74 74 310 305 120 120 309 304 121 121 308 303 74 74 311 306 119 119 309 304 121 121 310 305 120 120 170 170 118 118 311 306 119 119 310 305 120 120 191 191 149 149 312 307 249 249 190 190 248 248 313 308 147 147 312 307 249 249 191 191 149 149 314 309 148 148 313 308 147 147 191 191 149 149 315 310 146 146 313 308 147 147 314 309 148 148 316 311 200 200 315 310 146 146 314 309 148 148 319 314 252 252 318 313 251 251 317 312 250 250 320 315 253 253 318 313 251 251 319 314 252 252 321 316 254 254 320 315 253 253 319 314 252 252 322 317 255 255 320 315 253 253 321 316 254 254 323 318 256 256 322 317 255 255 321 316 254 254 318 313 251 251 324 319 258 258 317 312 257 257 325 320 259 259 324 319 258 258 318 313 251 251 326 321 260 260 325 320 259 259 318 313 251 251 182 182 261 261 325 320 259 259 326 321 260 260 181 181 262 262 182 182 261 261 326 321 260 260 324 319 258 258 327 322 264 264 317 312 263 263 328 323 265 265 327 322 264 264 324 319 258 258 329 324 266 266 328 323 265 265 324 319 258 258 330 325 267 267 328 323 265 265 329 324 266 266 331 326 268 268 330 325 267 267 329 324 266 266 327 322 264 264 332 327 270 270 317 312 269 269 333 328 271 271 332 327 270 270 327 322 264 264 334 329 272 272 333 328 271 271 327 322 264 264 188 188 273 273 333 328 271 271 334 329 272 272 335 330 274 274 188 188 273 273 334 329 272 272 332 327 276 276 319 314 252 252 317 312 275 275 336 331 277 277 319 314 252 252 332 327 276 276 337 332 278 278 336 331 277 277 332 327 276 276 338 333 279 279 336 331 277 277 337 332 278 278 189 189 280 280 338 333 279 279 337 332 278 278 201 201 175 175 256 251 281 281 200 200 174 174 258 253 282 282 256 251 281 281 201 201 175 175 339 334 283 283 258 253 282 282 201 201 175 175 207 185 284 284 258 253 282 282 339 334 283 283 205 205 179 179 207 185 284 284 339 334 283 283 340 335 175 175 217 202 176 176 218 200 174 174 341 336 177 177 217 202 176 176 340 335 175 175 342 337 283 283 341 336 177 177 340 335 175 175 343 338 179 179 341 336 177 177 342 337 283 283 223 185 284 284 343 338 179 179 342 337 283 283 346 340 251 251 345 339 252 252 344 312 250 250 347 341 253 253 345 339 252 252 346 340 251 251 348 342 260 260 347 341 253 253 346 340 251 251 349 343 262 262 347 341 253 253 348 342 260 260 237 233 261 261 349 343 262 262 348 342 260 260 350 344 84 84 46 46 45 45 53 53 100 100 48 48 47 47 46 46 45 45 350 344 84 84 351 345 285 285 48 48 47 47 350 344 84 84 50 50 49 49 48 48 47 47 351 345 285 285 52 52 51 51 50 50 49 49 351 345 285 285 72 72 71 71 279 274 141 141 268 263 142 142 280 275 286 286 279 274 141 141 72 72 71 71 70 70 69 69 280 275 286 286 72 72 71 71 277 272 287 287 280 275 286 286 70 70 69 69 68 68 67 67 277 272 287 287 70 70 69 69 352 346 258 258 346 340 251 251 344 312 257 257 353 347 259 259 346 340 251 251 352 346 258 258 354 348 266 266 353 347 259 259 352 346 258 258 355 349 268 268 353 347 259 259 354 348 266 266 356 350 267 267 355 349 268 268 354 348 266 266 357 351 264 264 352 346 258 258 344 312 263 263 358 352 265 265 352 346 258 258 357 351 264 264 359 353 272 272 358 352 265 265 357 351 264 264 360 354 274 274 358 352 265 265 359 353 272 272 243 238 273 273 360 354 274 274 359 353 272 272 361 355 51 51 305 300 50 50 100 100 52 52 362 356 49 49 305 300 50 50 361 355 51 51 363 357 285 285 362 356 49 49 361 355 51 51 111 111 47 47 362 356 49 49 363 357 285 285 92 92 84 84 111 111 47 47 363 357 285 285 363 357 285 285 94 94 86 86 92 92 84 84 96 96 88 88 94 94 86 86 363 357 285 285 361 355 51 51 96 96 88 88 363 357 285 285 98 98 53 53 96 96 88 88 361 355 51 51 100 100 52 52 98 98 53 53 361 355 51 51 345 339 252 252 364 358 276 276 344 312 275 275 365 359 277 277 364 358 276 276 345 339 252 252 366 360 254 254 365 359 277 277 345 339 252 252 367 361 256 256 365 359 277 277 366 360 254 254 368 362 255 255 367 361 256 256 366 360 254 254 196 196 170 170 262 257 204 204 198 198 172 172 369 363 152 152 262 257 204 204 196 196 170 170 370 364 150 150 369 363 152 152 196 196 170 170 193 193 151 151 369 363 152 152 370 364 150 150 191 191 149 149 193 193 151 151 370 364 150 150 373 148 135 135 372 150 134 134 371 365 133 133 374 149 136 136 372 150 134 134 373 148 135 135 375 147 137 137 374 149 136 136 373 148 135 135 376 151 138 138 374 149 136 136 375 147 137 137 377 366 139 139 376 151 138 138 375 147 137 137 380 369 57 57 379 368 58 58 378 367 56 56 381 370 59 59 379 368 58 58 380 369 57 57 382 371 61 61 381 370 59 59 380 369 57 57 383 372 60 60 381 370 59 59 382 371 61 61 384 373 62 62 383 372 60 60 382 371 61 61 385 374 65 65 382 371 61 61 380 369 57 57 386 375 63 63 382 371 61 61 385 374 65 65 387 376 64 64 386 375 63 63 385 374 65 65 384 373 62 62 386 375 63 63 387 376 64 64 388 377 235 235 384 373 62 62 387 376 64 64 391 380 238 238 390 379 237 237 389 378 66 66 392 381 240 240 390 379 237 237 391 380 238 238 393 382 241 241 392 381 240 240 391 380 238 238 394 383 239 239 392 381 240 240 393 382 241 241 395 384 243 243 394 383 239 239 393 382 241 241 372 150 134 134 396 385 132 132 371 365 133 133 397 386 288 288 396 385 132 132 372 150 134 134 376 151 138 138 397 386 288 288 372 150 134 134 398 153 140 140 397 386 288 288 376 151 138 138 377 366 139 139 398 153 140 140 376 151 138 138 401 157 126 126 400 159 125 125 399 387 124 124 402 158 127 127 400 159 125 125 401 157 126 126 403 156 128 128 402 158 127 127 401 157 126 126 404 160 129 129 402 158 127 127 403 156 128 128 405 388 130 130 404 160 129 129 403 156 128 128 400 159 125 125 406 389 123 123 399 387 124 124 407 161 289 289 406 389 123 123 400 159 125 125 404 160 129 129 407 161 289 289 400 159 125 125 408 162 131 131 407 161 289 289 404 160 129 129 405 388 130 130 408 162 131 131 404 160 129 129 409 390 242 242 393 382 241 241 391 380 238 238 410 391 244 244 393 382 241 241 409 390 242 242 411 392 245 245 410 391 244 244 409 390 242 242 395 384 243 243 410 391 244 244 411 392 245 245 412 393 290 290 395 384 243 243 411 392 245 245 389 378 66 66 387 376 64 64 385 374 65 65 413 394 236 236 387 376 64 64 389 378 66 66 390 379 237 237 413 394 236 236 389 378 66 66 388 377 235 235 413 394 236 236 390 379 237 237 394 383 239 239 388 377 235 235 390 379 237 237 238 234 157 157 349 343 155 155 237 233 156 156 368 362 291 291 349 343 155 155 238 234 157 157 414 395 292 292 368 362 291 291 238 234 157 157 367 361 293 293 368 362 291 291 414 395 292 292 415 396 294 294 367 361 293 293 414 395 292 292 241 236 160 160 360 354 295 295 243 238 162 162 356 350 296 296 360 354 295 295 241 236 160 160 239 235 158 158 356 350 296 296 241 236 160 160 355 349 297 297 356 350 296 296 239 235 158 158 237 233 156 156 355 349 297 297 239 235 158 158 148 148 126 126 416 397 298 298 146 146 124 124 417 398 299 299 416 397 298 298 148 148 126 126 150 150 128 128 417 398 299 299 148 148 126 126 418 385 300 300 417 398 299 299 150 150 128 128 152 152 130 130 418 385 300 300 150 150 128 128 157 157 135 135 419 399 301 301 155 155 133 133 420 387 302 302 419 399 301 301 157 157 135 135 159 159 137 137 420 387 302 302 157 157 135 135 421 389 303 303 420 387 302 302 159 159 137 137 161 161 139 139 421 389 303 303 159 159 137 137 422 400 304 304 265 260 184 184 266 261 217 217 423 401 305 305 265 260 184 184 422 400 304 304 424 402 306 306 423 401 305 305 422 400 304 304 425 403 307 307 423 401 305 305 424 402 306 306 426 404 305 305 425 403 307 307 424 402 306 306 168 168 68 68 428 406 69 69 427 405 67 67 429 407 70 70 428 406 69 69 168 168 68 68 170 170 118 118 429 407 70 70 168 168 68 68 310 305 120 120 429 407 70 70 170 170 118 118 432 15 7 7 431 12 8 8 430 14 6 6 433 13 9 9 431 12 8 8 432 15 7 7 434 269 308 308 433 13 9 9 432 15 7 7 435 271 309 309 433 13 9 9 434 269 308 308 214 312 312 312 209 312 311 311 210 312 310 310 426 408 313 313 209 312 311 311 214 312 312 312 253 312 314 314 426 408 313 313 214 312 312 312 252 409 315 315 426 408 313 313 253 312 314 314 438 5 1 1 437 2 2 2 436 4 0 0 439 3 3 3 437 2 2 2 438 5 1 1 440 264 316 316 439 3 3 3 438 5 1 1 441 265 317 317 439 3 3 3 440 264 316 316 370 364 150 150 314 309 148 148 191 191 149 149 442 410 205 205 314 309 148 148 370 364 150 150 196 196 170 170 442 410 205 205 370 364 150 150 194 194 168 168 442 410 205 205 196 196 170 170 380 369 320 320 389 378 319 319 385 374 318 318 391 380 321 321 389 378 319 319 380 369 320 320 378 367 322 322 391 380 321 321 380 369 320 320 409 390 323 323 391 380 321 321 378 367 322 322 445 9 13 13 444 6 14 14 443 8 12 12 446 7 15 15 444 6 14 14 445 9 13 13 447 268 324 324 446 7 15 15 445 9 13 13 448 266 325 325 446 7 15 15 447 268 324 324 187 187 161 161 338 333 294 294 189 189 163 163 449 411 292 292 338 333 294 294 187 187 161 161 185 185 159 159 449 411 292 292 187 187 161 161 183 183 157 157 449 411 292 292 185 185 159 159 451 1 5 5 430 14 6 6 450 0 4 4 432 15 7 7 430 14 6 6 451 1 5 5 452 267 326 326 432 15 7 7 451 1 5 5 434 269 308 308 432 15 7 7 452 267 326 326 453 412 82 82 53 53 100 100 55 55 99 99 350 344 84 84 53 53 100 100 453 412 82 82 454 413 83 83 350 344 84 84 453 412 82 82 455 414 85 85 350 344 84 84 454 413 83 83 378 367 246 246 411 392 245 245 409 390 242 242 456 415 327 327 411 392 245 245 378 367 246 246 379 368 328 328 456 415 327 327 378 367 246 246 412 393 290 290 456 415 327 327 379 368 328 328 429 407 70 70 165 165 71 71 428 406 69 69 457 416 72 72 165 165 71 71 429 407 70 70 310 305 120 120 457 416 72 72 429 407 70 70 308 303 74 74 457 416 72 72 310 305 120 120 458 417 227 227 164 164 142 142 166 166 143 143 459 418 228 228 164 164 142 142 458 417 227 227 460 419 230 230 459 418 228 228 458 417 227 227 163 163 229 229 459 418 228 228 460 419 230 230 423 420 313 313 251 312 314 314 249 312 312 312 252 409 315 315 251 312 314 314 423 420 313 313 425 421 329 329 252 409 315 315 423 420 313 313 426 408 313 313 252 409 315 315 425 421 329 329 264 312 310 310 461 312 331 331 263 312 330 330 249 312 312 312 461 312 331 331 264 312 310 310 265 312 311 311 249 312 312 312 264 312 310 310 423 420 313 313 249 312 312 312 265 312 311 311 230 226 104 104 462 422 106 106 228 224 105 105 463 423 231 231 462 422 106 106 230 226 104 104 106 106 94 94 463 423 231 231 230 226 104 104 108 108 96 96 463 423 231 231 106 106 94 94 439 3 3 3 450 0 4 4 437 2 2 2 451 1 5 5 450 0 4 4 439 3 3 3 441 265 317 317 451 1 5 5 439 3 3 3 452 267 326 326 451 1 5 5 441 265 317 317 290 285 169 169 177 177 167 167 179 179 212 212 464 424 168 168 177 177 167 167 290 285 169 169 246 241 170 170 464 424 168 168 290 285 169 169 247 242 205 205 464 424 168 168 246 241 170 170 449 411 292 292 323 318 293 293 338 333 294 294 322 317 291 291 323 318 293 293 449 411 292 292 183 183 157 157 322 317 291 291 449 411 292 292 181 181 155 155 322 317 291 291 183 183 157 157 351 345 285 285 465 425 88 88 52 52 51 51 466 426 86 86 465 425 88 88 351 345 285 285 350 344 84 84 466 426 86 86 351 345 285 285 455 414 85 85 466 426 86 86 350 344 84 84 142 142 120 120 73 73 72 72 75 75 74 74 71 71 70 70 73 73 72 72 142 142 120 120 140 140 118 118 71 71 70 70 142 142 120 120 69 69 68 68 71 71 70 70 140 140 118 118 102 102 332 332 108 108 96 96 101 101 98 98 467 427 232 232 108 108 96 96 102 102 332 332 229 225 333 333 467 427 232 232 102 102 332 332 227 223 234 234 467 427 232 232 229 225 333 333 468 428 178 178 219 216 193 193 217 202 176 176 469 429 180 180 219 216 193 193 468 428 178 178 343 338 179 179 469 429 180 180 468 428 178 178 223 185 181 181 469 429 180 180 343 338 179 179 470 430 290 290 301 296 245 245 299 294 243 243 471 431 327 327 301 296 245 245 470 430 290 290 59 59 328 328 471 431 327 327 470 430 290 290 57 57 246 246 471 431 327 327 59 59 328 328 473 11 11 11 443 8 12 12 472 10 10 10 445 9 13 13 443 8 12 12 473 11 11 11 474 270 334 334 445 9 13 13 473 11 11 11 447 268 324 324 445 9 13 13 474 270 334 334 61 61 337 337 291 286 336 336 63 63 335 335 295 290 338 338 291 286 336 336 61 61 337 337 470 430 339 339 295 290 338 338 61 61 337 337 299 294 340 340 295 290 338 338 470 430 339 339 460 419 286 286 165 165 71 71 163 163 141 141 428 406 69 69 165 165 71 71 460 419 286 286 458 417 287 287 428 406 69 69 460 419 286 286 427 405 67 67 428 406 69 69 458 417 287 287 475 432 342 342 244 239 280 280 243 238 341 341 476 433 278 278 244 239 280 280 475 432 342 342 364 358 276 276 476 433 278 278 475 432 342 342 365 359 277 277 476 433 278 278 364 358 276 276 477 434 304 304 426 404 305 305 424 402 306 306 209 208 184 184 426 404 305 305 477 434 304 304 478 435 217 217 209 208 184 184 477 434 304 304 79 79 183 183 209 208 184 184 478 435 217 217 433 13 9 9 472 10 10 10 431 12 8 8 473 11 11 11 472 10 10 10 433 13 9 9 435 271 309 309 473 11 11 11 433 13 9 9 474 270 334 334 473 11 11 11 435 271 309 309 479 185 345 345 430 437 344 344 431 436 343 343 450 438 346 346 430 437 344 344 479 185 345 345 437 439 347 347 450 438 346 346 479 185 345 345 480 185 345 345 14 437 349 349 12 436 348 348 0 438 350 350 14 437 349 349 480 185 345 345 2 439 347 347 0 438 350 350 480 185 345 345 254 249 193 193 204 204 178 178 202 202 176 176 206 206 180 180 204 204 178 178 254 249 193 193 208 207 182 182 206 206 180 180 254 249 193 193 208 207 182 182 257 252 195 195 207 185 196 196 255 250 194 194 257 252 195 195 208 207 182 182 254 249 193 193 255 250 194 194 208 207 182 182 465 425 88 88 54 54 53 53 52 52 51 51 56 56 55 55 54 54 53 53 465 425 88 88 481 440 87 87 56 56 55 55 465 425 88 88 463 423 231 231 225 221 233 233 462 422 106 106 467 427 232 232 225 221 233 233 463 423 231 231 108 108 96 96 467 427 232 232 463 423 231 231 320 315 253 253 326 321 260 260 318 313 251 251 181 181 262 262 326 321 260 260 320 315 253 253 322 317 255 255 181 181 262 262 320 315 253 253 325 320 259 259 329 324 266 266 324 319 258 258 331 326 268 268 329 324 266 266 325 320 259 259 182 182 261 261 331 326 268 268 325 320 259 259 328 323 265 265 334 329 272 272 327 322 264 264 335 330 274 274 334 329 272 272 328 323 265 265 330 325 267 267 335 330 274 274 328 323 265 265 333 328 342 342 337 332 278 278 332 327 276 276 189 189 280 280 337 332 278 278 333 328 342 342 188 188 341 341 189 189 280 280 333 328 342 342 336 331 277 277 321 316 254 254 319 314 252 252 323 318 256 256 321 316 254 254 336 331 277 277 338 333 279 279 323 318 256 256 336 331 277 277 446 7 15 15 436 4 16 16 444 6 14 14 438 5 17 17 436 4 16 16 446 7 15 15 448 266 325 325 438 5 17 17 446 7 15 15 482 441 214 214 180 180 213 213 245 240 216 216 289 284 171 171 180 180 213 213 482 441 214 214 288 283 215 215 289 284 171 171 482 441 214 214 284 279 96 96 483 442 97 97 282 277 95 95 116 116 98 98 483 442 97 97 284 279 96 96 118 118 332 332 116 116 98 98 284 279 96 96 353 347 259 259 348 342 260 260 346 340 251 251 237 233 261 261 348 342 260 260 353 347 259 259 355 349 268 268 237 233 261 261 353 347 259 259 358 352 265 265 354 348 266 266 352 346 258 258 356 350 267 267 354 348 266 266 358 352 265 265 360 354 274 274 356 350 267 267 358 352 265 265 87 87 80 80 129 129 78 78 89 89 79 79 484 443 351 351 129 129 78 78 87 87 80 80 85 85 78 78 484 443 351 351 87 87 80 80 347 341 253 253 366 360 254 254 345 339 252 252 368 362 255 255 366 360 254 254 347 341 253 253 349 343 262 262 368 362 255 255 347 341 253 253 485 366 289 289 147 147 125 125 145 145 123 123 151 151 129 129 147 147 125 125 485 366 289 289 153 153 131 131 151 151 129 129 485 366 289 289 113 113 48 48 362 356 49 49 111 111 47 47 305 300 50 50 362 356 49 49 113 113 48 48 304 299 352 352 305 300 50 50 113 113 48 48 486 444 110 110 114 114 112 112 302 297 111 111 115 115 102 102 114 114 112 112 486 444 110 110 487 445 109 109 115 115 102 102 486 444 110 110 488 446 288 288 156 156 134 134 154 154 132 132 160 160 138 138 156 156 134 134 488 446 288 288 162 162 140 140 160 160 138 138 488 446 288 288 491 449 355 355 490 448 354 354 489 447 353 353 492 450 353 353 490 448 354 354 491 449 355 355 493 451 356 356 492 450 353 353 491 449 355 355 216 215 22 22 41 41 40 40 211 210 173 173 40 40 39 39 41 41 40 40 216 215 22 22 39 39 24 24 40 40 39 39 216 215 22 22 369 363 152 152 260 255 154 154 262 257 204 204 259 254 153 153 260 255 154 154 369 363 152 152 193 193 151 151 259 254 153 153 369 363 152 152 495 453 201 201 192 192 166 166 494 452 202 202 194 194 168 168 192 192 166 166 495 453 201 201 442 410 205 205 194 194 168 168 495 453 201 201 495 453 201 201 314 309 148 148 442 410 205 205 316 311 200 200 314 309 148 148 495 453 201 201 494 452 202 202 316 311 200 200 495 453 201 201 479 185 345 345 443 455 348 348 444 454 349 349 472 456 357 357 443 455 348 348 479 185 345 345 431 436 343 343 472 456 357 357 479 185 345 345 496 399 298 298 401 157 126 126 399 387 124 124 497 457 299 299 401 157 126 126 496 399 298 298 497 457 299 299 403 156 128 128 401 157 126 126 498 154 300 300 403 156 128 128 497 457 299 299 479 185 345 345 436 458 350 350 437 439 347 347 444 454 349 349 436 458 350 350 479 185 345 345 5 5 5 5 273 268 326 326 271 266 317 317 7 7 7 7 273 268 326 326 5 5 5 5 499 459 281 281 340 335 175 175 218 200 174 174 224 220 282 282 340 335 175 175 499 459 281 281 342 337 283 283 224 220 282 282 223 185 284 284 340 335 175 175 224 220 282 282 342 337 283 283 3 3 3 3 271 266 317 317 269 264 316 316 5 5 5 5 271 266 317 317 3 3 3 3 220 217 194 194 499 459 211 211 218 200 192 192 222 219 195 195 499 459 211 211 220 217 194 194 1 1 1 1 269 264 316 316 270 265 358 358 3 3 3 3 269 264 316 316 1 1 1 1 341 336 177 177 468 428 178 178 217 202 176 176 343 338 179 179 468 428 178 178 341 336 177 177 221 218 182 182 469 429 180 180 223 185 181 181 219 216 193 193 469 429 180 180 221 218 182 182 388 377 336 336 383 372 337 337 384 373 335 335 394 383 338 338 383 372 337 337 388 377 336 336 10 456 357 357 480 185 345 345 12 436 348 348 8 455 343 343 480 185 345 345 10 456 357 357 6 454 344 344 480 185 345 345 8 455 343 343 4 458 346 346 480 185 345 345 6 454 344 344 474 270 223 223 434 269 224 224 452 267 222 222 435 271 225 225 434 269 224 224 474 270 223 223 447 268 221 221 452 267 222 222 441 265 220 220 474 270 223 223 452 267 222 222 447 268 221 221 203 203 177 177 339 334 283 283 201 201 175 175 205 205 179 179 339 334 283 283 203 203 177 177 448 266 219 219 441 265 220 220 440 264 218 218 447 268 221 221 441 265 220 220 448 266 219 219 476 433 278 278 415 396 279 279 244 239 280 280 365 359 277 277 415 396 279 279 476 433 278 278 500 397 301 301 373 148 135 135 371 365 133 133 501 146 302 302 373 148 135 135 500 397 301 301 226 222 107 107 462 422 106 106 225 221 108 108 228 224 105 105 462 422 106 106 226 222 107 107 501 146 302 302 375 147 137 137 373 148 135 135 502 145 303 303 375 147 137 137 501 146 302 302 466 426 86 86 481 440 87 87 465 425 88 88 455 414 85 85 481 440 87 87 466 426 86 86 304 299 43 43 302 297 42 42 303 298 44 44 487 445 41 41 302 297 42 42 304 299 43 43 66 66 65 65 62 62 61 61 64 64 63 63 58 58 57 57 62 62 61 61 66 66 65 65 294 289 321 321 57 57 322 322 58 58 320 320 298 293 323 323 57 57 322 322 294 289 321 321 67 67 319 319 58 58 320 320 66 66 318 318 294 289 321 321 58 58 320 320 67 67 319 319 475 432 271 271 359 353 272 272 357 351 264 264 243 238 273 273 359 353 272 272 475 432 271 271 457 416 72 72 167 167 73 73 165 165 71 71 308 303 74 74 167 167 73 73 457 416 72 72 427 405 226 226 166 166 143 143 168 168 144 144 458 417 227 227 166 166 143 143 427 405 226 226 364 358 270 270 357 351 264 264 344 312 269 269 475 432 271 271 357 351 264 264 364 358 270 270 308 303 74 74 169 169 75 75 167 167 73 73 306 301 76 76 169 169 75 75 308 303 74 74 38 38 25 25 215 214 23 23 131 131 37 37 39 39 24 24 215 214 23 23 38 38 25 25 175 175 165 165 234 230 166 166 236 232 164 164 177 177 167 167 234 230 166 166 175 175 165 165 113 113 48 48 487 445 109 109 304 299 352 352 115 115 102 102 487 445 109 109 113 113 48 48 213 312 331 331 210 312 310 310 212 312 330 330 214 312 312 312 210 312 310 310 213 312 331 331 120 120 333 333 286 281 232 232 287 282 234 234 118 118 332 332 286 281 232 232 120 120 333 333 124 124 107 107 287 282 199 199 125 125 198 198 122 122 105 105 287 282 199 199 124 124 107 107 232 228 201 201 464 424 168 168 247 242 205 205 234 230 166 166 464 424 168 168 232 228 201 201 503 460 249 249 175 175 149 149 236 232 248 248 173 173 147 147 175 175 149 149 503 460 249 249 504 461 117 117 170 170 118 118 171 171 116 116 311 306 119 119 170 170 118 118 504 461 117 117 51 51 247 247 46 46 45 45 44 44 43 43 53 53 100 100 46 46 45 45 51 51 247 247 49 49 48 48 44 44 352 352 42 42 109 109 51 51 50 50 44 44 352 352 49 49 48 48 415 396 294 294 242 237 161 161 244 239 163 163 414 395 292 292 242 237 161 161 415 396 294 294 414 395 292 292 240 185 159 159 242 237 161 161 238 234 157 157 240 185 159 159 414 395 292 292 248 243 34 34 136 136 32 32 138 138 40 40 250 245 33 33 136 136 32 32 248 243 34 34 250 245 33 33 134 134 31 31 136 136 32 32 132 132 114 114 134 134 31 31 250 245 33 33 270 265 325 325 15 15 15 15 1 1 17 17 272 267 324 324 15 15 15 15 270 265 325 325 13 13 13 13 272 267 324 324 274 269 334 334 15 15 15 15 272 267 324 324 13 13 13 13 505 462 203 203 192 192 166 166 190 190 164 164 494 452 202 202 192 192 166 166 505 462 203 203 383 372 60 60 379 368 58 58 381 370 59 59 412 393 359 359 379 368 58 58 383 372 60 60 394 383 338 338 412 393 339 339 383 372 337 337 395 384 340 340 412 393 339 339 394 383 338 338 506 463 356 356 491 449 355 355 489 447 353 353 507 464 360 360 491 449 355 355 506 463 356 356 508 465 361 361 491 449 355 355 507 464 360 360 509 466 360 360 491 449 355 355 508 465 361 361 11 11 11 11 274 269 334 334 276 271 309 309 13 13 13 13 274 269 334 334 11 11 11 11 461 467 190 190 138 138 189 189 263 258 188 188 249 244 191 191 138 138 189 189 461 467 190 190 335 330 295 295 186 186 160 160 188 188 162 162 330 325 296 296 186 186 160 160 335 330 295 295 330 325 296 296 184 184 158 158 186 186 160 160 331 326 297 297 184 184 158 158 330 325 296 296 9 9 9 9 276 271 309 309 275 270 308 308 11 11 11 11 276 271 309 309 9 9 9 9 7 7 7 7 275 270 308 308 273 268 326 326 9 9 9 9 275 270 308 308 7 7 7 7 33 33 206 206 214 213 191 191 41 41 189 189 32 32 207 207 214 213 191 191 33 33 206 206 32 32 207 207 253 248 208 208 214 213 191 191 132 132 209 209 253 248 208 208 32 32 207 207 470 430 359 359 61 61 60 60 59 59 58 58 65 65 64 64 292 287 236 236 67 67 66 66 60 60 59 59 62 62 61 61 58 58 57 57 301 296 245 245 471 431 327 327 57 57 246 246 297 292 241 241 300 295 244 244 298 293 242 242 293 288 237 237 296 291 240 240 294 289 238 238 305 300 247 247 110 110 45 45 100 100 100 100 225 221 233 233 467 427 232 232 227 223 234 234 102 102 90 90 104 104 92 92 229 225 103 103 448 266 358 358 440 264 316 316 438 5 1 1 128 128 110 110 126 126 112 112 127 127 102 102 287 282 199 199 122 122 105 105 120 120 103 103 284 279 96 96 286 281 232 232 118 118 332 332 415 396 279 279 365 359 277 277 367 361 256 256 388 377 235 235 387 376 64 64 413 394 236 236 384 373 62 62 382 371 61 61 386 375 63 63 394 383 239 239 390 379 237 237 392 381 240 240 412 393 290 290 411 392 245 245 456 415 327 327 395 384 243 243 393 382 241 241 410 391 244 244 130 130 113 113 36 36 37 37 37 37 38 38 199 199 173 173 20 20 22 22 18 18 20 20 133 133 115 115 134 134 31 31 132 132 114 114 216 215 22 22 215 214 23 23 39 39 24 24 400 159 125 125 402 158 127 127 404 160 129 129 403 156 128 128 498 154 300 300 405 388 130 130 372 150 134 134 374 149 136 136 376 151 138 138 375 147 137 137 502 145 303 303 377 366 139 139 487 445 109 109 486 444 110 110 302 297 111 111 277 272 227 227 278 273 228 228 280 275 230 230 260 255 213 213 261 256 214 214 262 257 216 216 331 326 297 297 182 182 156 156 184 184 158 158 224 220 197 197 499 459 211 211 222 219 195 195 480 185 345 345 4 458 346 346 2 439 347 347 459 418 228 228 163 163 229 229 164 164 142 142 171 171 77 77 169 169 75 75 306 301 76 76 464 424 168 168 234 230 166 166 177 177 167 167 482 441 214 214 245 240 216 216 288 283 215 215 149 149 127 127 147 147 125 125 151 151 129 129 158 158 136 136 156 156 134 134 160 160 138 138 493 451 356 356 491 449 355 355 509 466 360 360</p>
				</triangles>
			</mesh>
		</geometry>
		<geometry id="polygon2" name="polygon2">
			<mesh>
				<source id="polygon2_Positions">
					<float_array id="polygon2_PosArr" count="42">3.500244 15.54107 2.316697 3.63501 14.6048 2.343552 3.139404 15.53448 3.169236 3.080811 14.52447 3.435105 1.474365 15.40436 4.345262 1.488525 14.43097 4.459519 0 14.42242 4.649949 -1.488525 14.43097 4.459519 -1.474365 15.40436 4.345262 -3.080811 14.52447 3.435105 -3.139404 15.53448 3.169236 0 15.36114 4.503953 -3.500244 15.54107 2.316697 -3.63501 14.6048 2.343552</float_array>
					<technique_common>
						<accessor source="#polygon2_PosArr" count="14" stride="3">
							<param name="X" type="float" />
							<param name="Y" type="float" />
							<param name="Z" type="float" />
						</accessor>
					</technique_common>
				</source>
				<source id="polygon2_UVs0">
					<float_array id="polygon2_UVArr0" count="16">0.2635498 0.5371399 0.2391968 0.46521 0.3487549 0.52771 0.336731 0.4214783 0.5939331 0.5065613 0.5899658 0.4031372 0.7929382 0.4028625 0.7929077 0.5016785</float_array>
					<technique_common>
						<accessor source="#polygon2_UVArr0" count="8" stride="2">
							<param name="S" type="float" />
							<param name="T" type="float" />
						</accessor>
					</technique_common>
				</source>
				<source id="polygon2_UVs1">
					<float_array id="polygon2_UVArr1" count="16">0.2635498 0.5371399 0.2391968 0.46521 0.3487549 0.52771 0.336731 0.4214783 0.5939331 0.5065613 0.5899658 0.4031372 0.7929382 0.4028625 0.7929077 0.5016785</float_array>
					<technique_common>
						<accessor source="#polygon2_UVArr1" count="8" stride="2">
							<param name="S" type="float" />
							<param name="T" type="float" />
						</accessor>
					</technique_common>
				</source>
				<source id="polygon2_UVs2">
					<float_array id="polygon2_UVArr2" count="16">0.2635498 0.5371399 0.2391968 0.46521 0.3487549 0.52771 0.336731 0.4214783 0.5939331 0.5065613 0.5899658 0.4031372 0.7929382 0.4028625 0.7929077 0.5016785</float_array>
					<technique_common>
						<accessor source="#polygon2_UVArr2" count="8" stride="2">
							<param name="S" type="float" />
							<param name="T" type="float" />
						</accessor>
					</technique_common>
				</source>
				<source id="polygon2_UVs3">
					<float_array id="polygon2_UVArr3" count="16">0.2635498 0.5371399 0.2391968 0.46521 0.3487549 0.52771 0.336731 0.4214783 0.5939331 0.5065613 0.5899658 0.4031372 0.7929382 0.4028625 0.7929077 0.5016785</float_array>
					<technique_common>
						<accessor source="#polygon2_UVArr3" count="8" stride="2">
							<param name="S" type="float" />
							<param name="T" type="float" />
						</accessor>
					</technique_common>
				</source>
				<vertices id="polygon2_Vertices">
					<input semantic="POSITION" source="#polygon2_Positions" />
				</vertices>
				<triangles material="enm_porn_head__enLuminouseO__" count="12">
					<input semantic="VERTEX" source="#polygon2_Vertices" offset="0" />
					<input semantic="TEXCOORD" source="#polygon2_UVs0" set="0" offset="1" />
					<input semantic="TEXCOORD" source="#polygon2_UVs1" set="1" offset="2" />
					<input semantic="TEXCOORD" source="#polygon2_UVs2" set="2" offset="3" />
					<input semantic="TEXCOORD" source="#polygon2_UVs3" set="3" offset="4" />
					<p>2 2 2 2 2 1 1 1 1 1 0 0 0 0 0 3 3 3 3 3 1 1 1 1 1 2 2 2 2 2 4 4 4 4 4 3 3 3 3 3 2 2 2 2 2 5 5 5 5 5 3 3 3 3 3 4 4 4 4 4 6 6 6 6 6 5 5 5 5 5 4 4 4 4 4 8 4 4 4 4 7 5 5 5 5 6 6 6 6 6 9 3 3 3 3 7 5 5 5 5 8 4 4 4 4 10 2 2 2 2 9 3 3 3 3 8 4 4 4 4 11 7 7 7 7 6 6 6 6 6 4 4 4 4 4 8 4 4 4 4 6 6 6 6 6 11 7 7 7 7 13 1 1 1 1 10 2 2 2 2 12 0 0 0 0 9 3 3 3 3 10 2 2 2 2 13 1 1 1 1</p>
				</triangles>
			</mesh>
		</geometry>
		<geometry id="polygon3" name="polygon3">
			<mesh>
				<source id="polygon3_Positions">
					<float_array id="polygon3_PosArr" count="36">0.4433594 16.91315 3.653611 1.415527 17.28692 2.814255 1.443604 16.48248 3.920701 2.740479 16.18536 3.181443 1.474365 15.40436 4.389939 -1.415527 17.28692 2.814255 -0.4433594 16.91315 3.653611 -1.443604 16.48248 3.920701 -0.06201172 16.52276 4.051072 -1.474365 15.40436 4.389939 0.06201172 16.52276 4.051072 -2.740479 16.18536 3.181443</float_array>
					<technique_common>
						<accessor source="#polygon3_PosArr" count="12" stride="3">
							<param name="X" type="float" />
							<param name="Y" type="float" />
							<param name="Z" type="float" />
						</accessor>
					</technique_common>
				</source>
				<source id="polygon3_UVs0">
					<float_array id="polygon3_UVArr0" count="12">0.8982544 0.7129517 0.4671631 1.005188 0.5073853 0.5055542 -0.0682373 0.5111084 0.5 0.004943848 1.05719 0.5275269</float_array>
					<technique_common>
						<accessor source="#polygon3_UVArr0" count="6" stride="2">
							<param name="S" type="float" />
							<param name="T" type="float" />
						</accessor>
					</technique_common>
				</source>
				<vertices id="polygon3_Vertices">
					<input semantic="POSITION" source="#polygon3_Positions" />
				</vertices>
				<triangles material="enm_porn_eye__enAdd__" count="10">
					<input semantic="VERTEX" source="#polygon3_Vertices" offset="0" />
					<input semantic="TEXCOORD" source="#polygon3_UVs0" set="0" offset="1" />
					<p>2 2 1 1 0 0 3 3 1 1 2 2 4 4 3 3 2 2 7 2 6 0 5 1 8 5 6 0 7 2 9 4 8 5 7 2 10 5 2 2 0 0 4 4 2 2 10 5 11 3 7 2 5 1 9 4 7 2 11 3</p>
				</triangles>
			</mesh>
		</geometry>
	</library_geometries>
	<library_controllers>
		<controller id="polygon0_Controller">
			<skin source="#polygon0">
				<bind_shape_matrix>1 0 0 0 0 1 0 0 0 0 1 0 0 0 0 1</bind_shape_matrix>
				<source id="polygon0_Joints">
					<Name_array id="polygon0_JointArr" count="26">Root Mesh Reference Hips Spine Head Shoulder1_L Shoulder2_L UpperArm_L ForeArm_L Hand_L Weapon_L Shoulder1_R Shoulder2_R UpperArm_R ForeArm_R Hand_R Weapon_R Thigh_L Calf_L Foot_L Toe_L Thigh_R Calf_R Foot_R Toe_R</Name_array>
					<technique_common>
						<accessor source="#polygon0_JointArr" count="26">
							<param name="JOINT" type="Name" />
						</accessor>
					</technique_common>
				</source>
				<source id="polygon0_Matrices">
					<float_array id="polygon0_MatArr" count="416">1 0 0 0 0 1 0 0 0 0 1 0 0 0 0 1 1 0 0 0 0 1 0 -10 0 0 1 0 0 0 0 1 1 0 0 0 0 1 0 0 0 0 1 0 0 0 0 1 1 0 0 0 0 0 -1 0 0 1 0 -10 0 0 0 1 1 0 0 0 0 0 -1 0 0 1 0 -11.4515 0 0 0 1 1 0 0 0 0 0 -1 0.4124 0 1 0 -13.7796 0 0 0 1 1 0 0 -5.2226 0 0 -1 0.0043 0 1 0 -13.4545 0 0 0 1 1 0 0 -6.5847 0 0 -1 0 0 1 0 -14.3177 0 0 0 1 1 0 0 -7.202666 0 0 -1 0 0 1 0 -13.4915 0 0 0 1 1 0 0 -7.201596 0 0 -1 0.001471 0 1 0 -9.435598 0 0 0 1 1 0 0 -7.2016 0 0 -1 0 0 1 0 -2.223299 0 0 0 1 1 0 0 -6.85 0 1 0 -4.768372E-07 0 0 1 0 0 0 0 1 1 0 0 5.2226 0 0 -1 0.0043 0 1 0 -13.4545 0 0 0 1 1 0 0 6.5847 0 0 -1 0 0 1 0 -14.3177 0 0 0 1 1 0 0 7.202667 0 0 -1 0 0 1 0 -13.4915 0 0 0 1 1 0 0 7.201596 0 0 -1 0.001471 0 1 0 -9.4356 0 0 0 1 1 0 0 7.201601 0 0 -1 0 0 1 0 -2.2233 0 0 0 1 1 0 0 6.850001 0 1 0 -4.768372E-07 0 0 1 2E-06 0 0 0 1 1 0 0 -2.288337 0 0 -1 0.069078 0 1 0 -7.7474 0 0 0 1 1 0 0 -2.288337 0 0 -1 0.0677 0 1 0 -5.2593 0 0 0 1 1 0 0 -2.2883 0 0 -1 0.0677 0 1 0 -2.6622 0 0 0 1 1 0 0 -2.2883 0 0 -1 0.0677 0 1 0 -1.9467 0 0 0 1 1 0 0 2.288337 0 0 -1 0.069078 0 1 0 -7.7474 0 0 0 1 1 0 0 2.288337 0 0 -1 0.0677 0 1 0 -5.2593 0 0 0 1 1 0 0 2.2883 0 0 -1 0.0677 0 1 0 -2.6622 0 0 0 1 1 0 0 2.2883 0 0 -1 0.0677 0 1 0 -1.9467 0 0 0 1</float_array>
					<technique_common>
						<accessor source="#polygon0_MatArr" count="26" stride="16">
							<param type="float4x4" />
						</accessor>
					</technique_common>
				</source>
				<source id="polygon0_Weights">
					<float_array id="polygon0_WeightArr" count="1">1</float_array>
					<technique_common>
						<accessor source="#polygon0_WeightArr" count="1">
							<param type="float" />
						</accessor>
					</technique_common>
				</source>
				<joints>
					<input semantic="JOINT" source="#polygon0_Joints" />
					<input semantic="INV_BIND_MATRIX" source="#polygon0_Matrices" />
				</joints>
				<vertex_weights count="807">
					<input semantic="JOINT" offset="0" source="#polygon0_Joints" />
					<input semantic="WEIGHT" offset="1" source="#polygon0_Weights" />
					<vcount>1 1 1 1 1 1 1 1 1 1 1 1 1 1 1 1 1 1 1 1 1 1 1 1 1 1 1 1 1 1 1 1 1 1 1 1 1 1 1 1 1 1 1 1 1 1 1 1 1 1 1 1 1 1 1 1 1 1 1 1 1 1 1 1 1 1 1 1 1 1 1 1 1 1 1 1 1 1 1 1 1 1 1 1 1 1 1 1 1 1 1 1 1 1 1 1 1 1 1 1 1 1 1 1 1 1 1 1 1 1 1 1 1 1 1 1 1 1 1 1 1 1 1 1 1 1 1 1 1 1 1 1 1 1 1 1 1 1 1 1 1 1 1 1 1 1 1 1 1 1 1 1 1 1 1 1 1 1 1 1 1 1 1 1 1 1 1 1 1 1 1 1 1 1 1 1 1 1 1 1 1 1 1 1 1 1 1 1 1 1 1 1 1 1 1 1 1 1 1 1 1 1 1 1 1 1 1 1 1 1 1 1 1 1 1 1 1 1 1 1 1 1 1 1 1 1 1 1 1 1 1 1 1 1 1 1 1 1 1 1 1 1 1 1 1 1 1 1 1 1 1 1 1 1 1 1 1 1 1 1 1 1 1 1 1 1 1 1 1 1 1 1 1 1 1 1 1 1 1 1 1 1 1 1 1 1 1 1 1 1 1 1 1 1 1 1 1 1 1 1 1 1 1 1 1 1 1 1 1 1 1 1 1 1 1 1 1 1 1 1 1 1 1 1 1 1 1 1 1 1 1 1 1 1 1 1 1 1 1 1 1 1 1 1 1 1 1 1 1 1 1 1 1 1 1 1 1 1 1 1 1 1 1 1 1 1 1 1 1 1 1 1 1 1 1 1 1 1 1 1 1 1 1 1 1 1 1 1 1 1 1 1 1 1 1 1 1 1 1 1 1 1 1 1 1 1 1 1 1 1 1 1 1 1 1 1 1 1 1 1 1 1 1 1 1 1 1 1 1 1 1 1 1 1 1 1 1 1 1 1 1 1 1 1 1 1 1 1 1 1 1 1 1 1 1 1 1 1 1 1 1 1 1 1 1 1 1 1 1 1 1 1 1 1 1 1 1 1 1 1 1 1 1 1 1 1 1 1 1 1 1 1 1 1 1 1 1 1 1 1 1 1 1 1 1 1 1 1 1 1 1 1 1 1 1 1 1 1 1 1 1 1 1 1 1 1 1 1 1 1 1 1 1 1 1 1 1 1 1 1 1 1 1 1 1 1 1 1 1 1 1 1 1 1 1 1 1 1 1 1 1 1 1 1 1 1 1 1 1 1 1 1 1 1 1 1 1 1 1 1 1 1 1 1 1 1 1 1 1 1 1 1 1 1 1 1 1 1 1 1 1 1 1 1 1 1 1 1 1 1 1 1 1 1 1 1 1 1 1 1 1 1 1 1 1 1 1 1 1 1 1 1 1 1 1 1 1 1 1 1 1 1 1 1 1 1 1 1 1 1 1 1 1 1 1 1 1 1 1 1 1 1 1 1 1 1 1 1 1 1 1 1 1 1 1 1 1 1 1 1 1 1 1 1 1 1 1 1 1 1 1 1 1 1 1 1 1 1 1 1 1 1 1 1 1 1 1 1 1 1 1 1 1 1 1 1 1 1 1 1 1 1 1 1 1 1 1 1 1 1 1 1 1 1 1 1 1 1 1 1 1 1 1 1 1 1 1 1 1 1 1 1 1 1 1 1 1 1 1 1 1 1 1 1 1 1 1 1 1 1 1 1 1 1 1 1 1 1 1 1 1 1 1 1 1 1 1 1 1 1 1 1 1 1 1 1 1 1 1 1 1 1 1 1 1 1 1</vcount>
					<v>4 0 4 0 4 0 4 0 4 0 4 0 4 0 4 0 4 0 4 0 4 0 4 0 4 0 4 0 4 0 4 0 4 0 4 0 4 0 4 0 4 0 4 0 4 0 4 0 4 0 4 0 4 0 4 0 3 0 3 0 3 0 3 0 3 0 3 0 3 0 3 0 3 0 3 0 3 0 3 0 3 0 3 0 3 0 3 0 3 0 3 0 3 0 4 0 4 0 4 0 4 0 4 0 4 0 4 0 4 0 4 0 4 0 4 0 4 0 4 0 8 0 8 0 8 0 8 0 8 0 8 0 8 0 8 0 8 0 8 0 8 0 8 0 8 0 8 0 4 0 4 0 4 0 4 0 4 0 4 0 4 0 4 0 4 0 6 0 6 0 6 0 6 0 6 0 6 0 6 0 6 0 6 0 6 0 6 0 6 0 4 0 4 0 4 0 4 0 4 0 4 0 4 0 4 0 4 0 4 0 3 0 3 0 3 0 3 0 3 0 3 0 3 0 3 0 9 0 9 0 9 0 9 0 9 0 9 0 9 0 9 0 9 0 9 0 3 0 3 0 3 0 3 0 3 0 3 0 3 0 3 0 3 0 3 0 3 0 3 0 3 0 3 0 3 0 3 0 15 0 15 0 15 0 15 0 15 0 15 0 15 0 15 0 15 0 15 0 3 0 3 0 3 0 3 0 3 0 3 0 3 0 4 0 4 0 4 0 4 0 4 0 4 0 4 0 4 0 4 0 4 0 4 0 4 0 4 0 4 0 12 0 12 0 12 0 12 0 12 0 12 0 12 0 12 0 12 0 12 0 12 0 12 0 12 0 12 0 3 0 4 0 4 0 4 0 4 0 6 0 6 0 6 0 4 0 4 0 4 0 4 0 4 0 4 0 4 0 4 0 15 0 15 0 15 0 15 0 15 0 15 0 15 0 15 0 3 0 3 0 9 0 9 0 9 0 9 0 9 0 9 0 9 0 9 0 4 0 4 0 4 0 4 0 4 0 4 0 3 0 12 0 12 0 12 0 12 0 6 0 6 0 6 0 4 0 4 0 4 0 4 0 15 0 15 0 15 0 12 0 12 0 12 0 12 0 12 0 12 0 4 0 4 0 4 0 4 0 4 0 4 0 9 0 9 0 9 0 9 0 9 0 9 0 4 0 4 0 6 0 6 0 6 0 6 0 6 0 6 0 3 0 3 0 3 0 12 0 12 0 12 0 12 0 6 0 6 0 6 0 6 0 6 0 6 0 3 0 3 0 3 0 12 0 12 0 12 0 12 0 15 0 15 0 15 0 4 0 3 0 9 0 9 0 9 0 9 0 9 0 9 0 9 0 9 0 3 0 3 0 3 0 6 0 6 0 15 0 15 0 15 0 15 0 15 0 14 0 14 0 14 0 14 0 14 0 4 0 4 0 3 0 9 0 9 0 9 0 9 0 12 0 4 0 12 0 14 0 14 0 14 0 14 0 14 0 14 0 14 0 14 0 14 0 4 0 15 0 15 0 4 0 15 0 15 0 6 0 6 0 15 0 15 0 15 0 22 0 22 0 22 0 22 0 22 0 22 0 22 0 22 0 22 0 22 0 22 0 22 0 22 0 22 0 22 0 22 0 22 0 22 0 20 0 20 0 20 0 20 0 20 0 20 0 20 0 20 0 20 0 20 0 20 0 20 0 20 0 20 0 20 0 20 0 24 0 24 0 24 0 24 0 24 0 24 0 24 0 24 0 24 0 24 0 24 0 24 0 24 0 24 0 24 0 24 0 19 0 19 0 19 0 19 0 19 0 19 0 19 0 19 0 19 0 19 0 19 0 19 0 19 0 19 0 19 0 19 0 20 0 20 0 20 0 20 0 20 0 20 0 20 0 20 0 20 0 20 0 20 0 20 0 18 0 18 0 18 0 18 0 18 0 18 0 18 0 18 0 18 0 18 0 18 0 18 0 18 0 18 0 24 0 24 0 24 0 24 0 24 0 24 0 24 0 24 0 24 0 24 0 24 0 24 0 18 0 18 0 18 0 18 0 18 0 18 0 18 0 18 0 18 0 18 0 18 0 18 0 18 0 20 0 20 0 20 0 20 0 20 0 20 0 20 0 20 0 20 0 20 0 20 0 20 0 18 0 18 0 18 0 18 0 18 0 18 0 24 0 24 0 24 0 24 0 24 0 24 0 24 0 24 0 24 0 24 0 24 0 24 0 22 0 22 0 22 0 22 0 22 0 22 0 22 0 22 0 22 0 22 0 22 0 22 0 19 0 19 0 19 0 19 0 19 0 20 0 20 0 20 0 20 0 20 0 20 0 20 0 20 0 20 0 25 0 25 0 25 0 25 0 25 0 25 0 25 0 25 0 25 0 25 0 25 0 21 0 21 0 21 0 21 0 21 0 21 0 21 0 21 0 21 0 21 0 21 0 21 0 21 0 21 0 21 0 21 0 21 0 21 0 21 0 18 0 18 0 18 0 18 0 18 0 18 0 18 0 25 0 25 0 25 0 25 0 25 0 25 0 25 0 25 0 22 0 22 0 22 0 22 0 22 0 21 0 21 0 21 0 21 0 21 0 21 0 21 0 22 0 22 0 22 0 25 0 25 0 25 0 25 0 25 0 25 0 25 0 24 0 24 0 24 0 24 0 24 0 24 0 25 0 25 0 25 0 25 0 24 0 24 0 24 0 24 0 24 0 24 0 21 0 21 0 23 0 23 0 23 0 23 0 23 0 23 0 23 0 23 0 21 0 21 0 25 0 23 0 23 0 23 0 23 0 23 0 23 0 23 0 23 0 25 0 25 0 18 0 18 0 18 0 18 0 18 0 18 0 18 0 18 0 21 0 21 0 18 0 18 0 18 0 18 0 18 0 18 0 18 0 18 0 23 0 23 0 23 0 23 0 23 0 23 0 23 0 23 0 24 0 22 0 22 0 22 0 22 0 22 0 22 0 22 0 22 0 22 0 20 0 20 0 20 0 19 0 19 0 19 0 19 0 19 0 19 0 19 0 18 0 22 0 22 0 22 0 22 0 22 0 22 0 23 0 23 0 23 0 23 0 23 0 23 0 23 0 20 0 20 0 21 0 22 0 20 0 20 0 20 0 20 0 20 0 20 0 20 0 20 0 20 0 20 0 20 0 20 0 20 0 20 0 20 0 20 0 20 0 20 0 20 0 20 0 20 0 20 0 20 0 23 0 19 0 19 0 23 0 23 0 23 0 19 0 19 0 19 0 19 0 24 0 24 0 24 0 24 0 24 0 24 0 24 0 24 0 24 0 24 0 24 0 24 0 24 0 24 0 24 0 24 0 24 0 24 0 24 0 22 0 22 0 22 0 22 0 22 0 25 0 25 0 25 0 25 0 25 0 25 0 25 0 25 0 24 0 21 0 24 0 24 0 24 0 24 0 24 0 24 0 24 0 24 0 24 0 24 0 24 0 24 0 24 0 24 0 24 0 24 0 24 0 24 0 24 0 24 0 24 0 24 0 21 0 21 0 21 0 21 0 21 0 21 0 21 0 21 0 23 0 20 0 20 0 20 0 20 0 20 0 20 0 20 0 20 0 20 0 20 0 20 0 20 0 18 0 20 0 20 0 18 0 20 0 20 0 20 0 20 0 19 0 19 0 25 0</v>
				</vertex_weights>
			</skin>
		</controller>
		<controller id="polygon1_Controller">
			<skin source="#polygon1">
				<bind_shape_matrix>1 0 0 0 0 1 0 0 0 0 1 0 0 0 0 1</bind_shape_matrix>
				<source id="polygon1_Joints">
					<Name_array id="polygon1_JointArr" count="26">Root Mesh Reference Hips Spine Head Shoulder1_L Shoulder2_L UpperArm_L ForeArm_L Hand_L Weapon_L Shoulder1_R Shoulder2_R UpperArm_R ForeArm_R Hand_R Weapon_R Thigh_L Calf_L Foot_L Toe_L Thigh_R Calf_R Foot_R Toe_R</Name_array>
					<technique_common>
						<accessor source="#polygon1_JointArr" count="26">
							<param name="JOINT" type="Name" />
						</accessor>
					</technique_common>
				</source>
				<source id="polygon1_Matrices">
					<float_array id="polygon1_MatArr" count="416">1 0 0 0 0 1 0 0 0 0 1 0 0 0 0 1 1 0 0 0 0 1 0 -10 0 0 1 0 0 0 0 1 1 0 0 0 0 1 0 0 0 0 1 0 0 0 0 1 1 0 0 0 0 0 -1 0 0 1 0 -10 0 0 0 1 1 0 0 0 0 0 -1 0 0 1 0 -11.4515 0 0 0 1 1 0 0 0 0 0 -1 0.4124 0 1 0 -13.7796 0 0 0 1 1 0 0 -5.2226 0 0 -1 0.0043 0 1 0 -13.4545 0 0 0 1 1 0 0 -6.5847 0 0 -1 0 0 1 0 -14.3177 0 0 0 1 1 0 0 -7.202666 0 0 -1 0 0 1 0 -13.4915 0 0 0 1 1 0 0 -7.201596 0 0 -1 0.001471 0 1 0 -9.435598 0 0 0 1 1 0 0 -7.2016 0 0 -1 0 0 1 0 -2.223299 0 0 0 1 1 0 0 -6.85 0 1 0 -4.768372E-07 0 0 1 0 0 0 0 1 1 0 0 5.2226 0 0 -1 0.0043 0 1 0 -13.4545 0 0 0 1 1 0 0 6.5847 0 0 -1 0 0 1 0 -14.3177 0 0 0 1 1 0 0 7.202667 0 0 -1 0 0 1 0 -13.4915 0 0 0 1 1 0 0 7.201596 0 0 -1 0.001471 0 1 0 -9.4356 0 0 0 1 1 0 0 7.201601 0 0 -1 0 0 1 0 -2.2233 0 0 0 1 1 0 0 6.850001 0 1 0 -4.768372E-07 0 0 1 2E-06 0 0 0 1 1 0 0 -2.288337 0 0 -1 0.069078 0 1 0 -7.7474 0 0 0 1 1 0 0 -2.288337 0 0 -1 0.0677 0 1 0 -5.2593 0 0 0 1 1 0 0 -2.2883 0 0 -1 0.0677 0 1 0 -2.6622 0 0 0 1 1 0 0 -2.2883 0 0 -1 0.0677 0 1 0 -1.9467 0 0 0 1 1 0 0 2.288337 0 0 -1 0.069078 0 1 0 -7.7474 0 0 0 1 1 0 0 2.288337 0 0 -1 0.0677 0 1 0 -5.2593 0 0 0 1 1 0 0 2.2883 0 0 -1 0.0677 0 1 0 -2.6622 0 0 0 1 1 0 0 2.2883 0 0 -1 0.0677 0 1 0 -1.9467 0 0 0 1</float_array>
					<technique_common>
						<accessor source="#polygon1_MatArr" count="26" stride="16">
							<param type="float4x4" />
						</accessor>
					</technique_common>
				</source>
				<source id="polygon1_Weights">
					<float_array id="polygon1_WeightArr" count="1">1</float_array>
					<technique_common>
						<accessor source="#polygon1_WeightArr" count="1">
							<param type="float" />
						</accessor>
					</technique_common>
				</source>
				<joints>
					<input semantic="JOINT" source="#polygon1_Joints" />
					<input semantic="INV_BIND_MATRIX" source="#polygon1_Matrices" />
				</joints>
				<vertex_weights count="510">
					<input semantic="JOINT" offset="0" source="#polygon1_Joints" />
					<input semantic="WEIGHT" offset="1" source="#polygon1_Weights" />
					<vcount>1 1 1 1 1 1 1 1 1 1 1 1 1 1 1 1 1 1 1 1 1 1 1 1 1 1 1 1 1 1 1 1 1 1 1 1 1 1 1 1 1 1 1 1 1 1 1 1 1 1 1 1 1 1 1 1 1 1 1 1 1 1 1 1 1 1 1 1 1 1 1 1 1 1 1 1 1 1 1 1 1 1 1 1 1 1 1 1 1 1 1 1 1 1 1 1 1 1 1 1 1 1 1 1 1 1 1 1 1 1 1 1 1 1 1 1 1 1 1 1 1 1 1 1 1 1 1 1 1 1 1 1 1 1 1 1 1 1 1 1 1 1 1 1 1 1 1 1 1 1 1 1 1 1 1 1 1 1 1 1 1 1 1 1 1 1 1 1 1 1 1 1 1 1 1 1 1 1 1 1 1 1 1 1 1 1 1 1 1 1 1 1 1 1 1 1 1 1 1 1 1 1 1 1 1 1 1 1 1 1 1 1 1 1 1 1 1 1 1 1 1 1 1 1 1 1 1 1 1 1 1 1 1 1 1 1 1 1 1 1 1 1 1 1 1 1 1 1 1 1 1 1 1 1 1 1 1 1 1 1 1 1 1 1 1 1 1 1 1 1 1 1 1 1 1 1 1 1 1 1 1 1 1 1 1 1 1 1 1 1 1 1 1 1 1 1 1 1 1 1 1 1 1 1 1 1 1 1 1 1 1 1 1 1 1 1 1 1 1 1 1 1 1 1 1 1 1 1 1 1 1 1 1 1 1 1 1 1 1 1 1 1 1 1 1 1 1 1 1 1 1 1 1 1 1 1 1 1 1 1 1 1 1 1 1 1 1 1 1 1 1 1 1 1 1 1 1 1 1 1 1 1 1 1 1 1 1 1 1 1 1 1 1 1 1 1 1 1 1 1 1 1 1 1 1 1 1 1 1 1 1 1 1 1 1 1 1 1 1 1 1 1 1 1 1 1 1 1 1 1 1 1 1 1 1 1 1 1 1 1 1 1 1 1 1 1 1 1 1 1 1 1 1 1 1 1 1 1 1 1 1 1 1 1 1 1 1 1 1 1 1 1 1 1 1 1 1 1 1 1 1 1 1 1 1 1 1 1 1 1 1 1 1 1 1 1 1 1 1 1 1 1 1 1 1 1 1 1 1 1</vcount>
					<v>9 0 9 0 9 0 9 0 9 0 9 0 9 0 9 0 9 0 9 0 9 0 9 0 9 0 9 0 9 0 9 0 5 0 5 0 5 0 5 0 5 0 5 0 5 0 5 0 5 0 5 0 5 0 5 0 5 0 5 0 5 0 5 0 5 0 5 0 5 0 5 0 5 0 5 0 5 0 5 0 5 0 5 0 10 0 10 0 10 0 10 0 10 0 10 0 10 0 10 0 10 0 10 0 10 0 10 0 10 0 10 0 10 0 7 0 7 0 7 0 7 0 7 0 7 0 7 0 7 0 7 0 7 0 7 0 16 0 16 0 16 0 16 0 16 0 16 0 16 0 16 0 16 0 16 0 16 0 5 0 5 0 5 0 5 0 5 0 5 0 5 0 5 0 5 0 5 0 5 0 16 0 16 0 16 0 16 0 16 0 16 0 16 0 16 0 16 0 16 0 16 0 16 0 16 0 16 0 16 0 16 0 16 0 16 0 16 0 16 0 16 0 16 0 16 0 16 0 16 0 16 0 10 0 10 0 10 0 10 0 10 0 10 0 10 0 10 0 10 0 10 0 10 0 10 0 10 0 5 0 5 0 5 0 5 0 5 0 5 0 5 0 5 0 5 0 5 0 16 0 16 0 16 0 16 0 16 0 16 0 13 0 13 0 13 0 13 0 13 0 13 0 13 0 13 0 13 0 13 0 13 0 13 0 13 0 13 0 13 0 13 0 13 0 13 0 10 0 10 0 10 0 10 0 10 0 10 0 10 0 10 0 10 0 10 0 10 0 10 0 10 0 10 0 10 0 10 0 10 0 10 0 16 0 16 0 16 0 16 0 16 0 16 0 16 0 16 0 16 0 16 0 16 0 16 0 16 0 16 0 16 0 16 0 16 0 16 0 5 0 8 0 8 0 8 0 8 0 8 0 8 0 8 0 8 0 8 0 5 0 5 0 5 0 5 0 5 0 5 0 5 0 5 0 14 0 14 0 14 0 14 0 14 0 14 0 14 0 14 0 16 0 16 0 16 0 16 0 16 0 16 0 10 0 10 0 10 0 10 0 10 0 10 0 10 0 10 0 10 0 10 0 10 0 10 0 10 0 10 0 10 0 10 0 10 0 5 0 5 0 5 0 5 0 5 0 5 0 8 0 8 0 8 0 8 0 8 0 16 0 16 0 16 0 16 0 5 0 5 0 5 0 5 0 16 0 16 0 9 0 9 0 9 0 9 0 9 0 9 0 9 0 9 0 16 0 16 0 16 0 16 0 10 0 10 0 10 0 10 0 10 0 10 0 10 0 10 0 10 0 10 0 7 0 7 0 7 0 7 0 7 0 7 0 7 0 7 0 7 0 7 0 7 0 16 0 16 0 16 0 16 0 10 0 10 0 10 0 10 0 10 0 10 0 16 0 16 0 16 0 16 0 16 0 16 0 16 0 16 0 16 0 16 0 16 0 16 0 16 0 16 0 16 0 16 0 16 0 16 0 16 0 16 0 16 0 16 0 16 0 16 0 16 0 16 0 16 0 8 0 14 0 14 0 14 0 14 0 10 0 10 0 10 0 10 0 10 0 10 0 10 0 10 0 10 0 10 0 10 0 10 0 10 0 10 0 10 0 10 0 10 0 16 0 16 0 16 0 10 0 10 0 10 0 10 0 10 0 16 0 16 0 7 0 7 0 7 0 7 0 7 0 7 0 7 0 13 0 13 0 13 0 13 0 13 0 13 0 13 0 13 0 13 0 13 0 13 0 13 0 13 0 13 0 13 0 13 0 13 0 13 0 7 0 7 0 7 0 7 0 7 0 7 0 7 0 7 0 7 0 7 0 7 0 7 0 7 0 13 0 13 0 13 0 13 0 13 0 10 0 10 0 13 0 13 0 13 0 13 0 13 0 13 0 5 0 5 0 5 0 5 0 5 0 10 0 10 0 10 0 15 0 15 0 15 0 15 0 15 0 15 0 15 0 15 0 15 0 15 0 15 0 15 0 16 0 15 0 15 0 15 0 15 0 15 0 15 0 16 0 15 0 15 0 15 0 10 0 10 0 10 0 13 0 10 0 10 0 10 0 10 0 5 0 16 0 16 0 10 0 10 0 10 0 16 0 14 0 14 0 7 0 7 0 15 0 15 0 15 0 10 0 10 0 5 0 5 0 15 0 9 0 10 0 10 0 10 0 5 0 13 0 16 0 16 0 13 0 5 0 5 0 5 0 5 0 5 0 16 0 16 0 7 0 7 0 7 0 14 0 7 0 7 0 7 0 10 0 10 0 16 0 5 0 5 0 5 0 5 0</v>
				</vertex_weights>
			</skin>
		</controller>
		<controller id="polygon2_Controller">
			<skin source="#polygon2">
				<bind_shape_matrix>1 0 0 0 0 1 0 0 0 0 1 0 0 0 0 1</bind_shape_matrix>
				<source id="polygon2_Joints">
					<Name_array id="polygon2_JointArr" count="26">Root Mesh Reference Hips Spine Head Shoulder1_L Shoulder2_L UpperArm_L ForeArm_L Hand_L Weapon_L Shoulder1_R Shoulder2_R UpperArm_R ForeArm_R Hand_R Weapon_R Thigh_L Calf_L Foot_L Toe_L Thigh_R Calf_R Foot_R Toe_R</Name_array>
					<technique_common>
						<accessor source="#polygon2_JointArr" count="26">
							<param name="JOINT" type="Name" />
						</accessor>
					</technique_common>
				</source>
				<source id="polygon2_Matrices">
					<float_array id="polygon2_MatArr" count="416">1 0 0 0 0 1 0 0 0 0 1 0 0 0 0 1 1 0 0 0 0 1 0 -10 0 0 1 0 0 0 0 1 1 0 0 0 0 1 0 0 0 0 1 0 0 0 0 1 1 0 0 0 0 0 -1 0 0 1 0 -10 0 0 0 1 1 0 0 0 0 0 -1 0 0 1 0 -11.4515 0 0 0 1 1 0 0 0 0 0 -1 0.4124 0 1 0 -13.7796 0 0 0 1 1 0 0 -5.2226 0 0 -1 0.0043 0 1 0 -13.4545 0 0 0 1 1 0 0 -6.5847 0 0 -1 0 0 1 0 -14.3177 0 0 0 1 1 0 0 -7.202666 0 0 -1 0 0 1 0 -13.4915 0 0 0 1 1 0 0 -7.201596 0 0 -1 0.001471 0 1 0 -9.435598 0 0 0 1 1 0 0 -7.2016 0 0 -1 0 0 1 0 -2.223299 0 0 0 1 1 0 0 -6.85 0 1 0 -4.768372E-07 0 0 1 0 0 0 0 1 1 0 0 5.2226 0 0 -1 0.0043 0 1 0 -13.4545 0 0 0 1 1 0 0 6.5847 0 0 -1 0 0 1 0 -14.3177 0 0 0 1 1 0 0 7.202667 0 0 -1 0 0 1 0 -13.4915 0 0 0 1 1 0 0 7.201596 0 0 -1 0.001471 0 1 0 -9.4356 0 0 0 1 1 0 0 7.201601 0 0 -1 0 0 1 0 -2.2233 0 0 0 1 1 0 0 6.850001 0 1 0 -4.768372E-07 0 0 1 2E-06 0 0 0 1 1 0 0 -2.288337 0 0 -1 0.069078 0 1 0 -7.7474 0 0 0 1 1 0 0 -2.288337 0 0 -1 0.0677 0 1 0 -5.2593 0 0 0 1 1 0 0 -2.2883 0 0 -1 0.0677 0 1 0 -2.6622 0 0 0 1 1 0 0 -2.2883 0 0 -1 0.0677 0 1 0 -1.9467 0 0 0 1 1 0 0 2.288337 0 0 -1 0.069078 0 1 0 -7.7474 0 0 0 1 1 0 0 2.288337 0 0 -1 0.0677 0 1 0 -5.2593 0 0 0 1 1 0 0 2.2883 0 0 -1 0.0677 0 1 0 -2.6622 0 0 0 1 1 0 0 2.2883 0 0 -1 0.0677 0 1 0 -1.9467 0 0 0 1</float_array>
					<technique_common>
						<accessor source="#polygon2_MatArr" count="26" stride="16">
							<param type="float4x4" />
						</accessor>
					</technique_common>
				</source>
				<source id="polygon2_Weights">
					<float_array id="polygon2_WeightArr" count="1">1</float_array>
					<technique_common>
						<accessor source="#polygon2_WeightArr" count="1">
							<param type="float" />
						</accessor>
					</technique_common>
				</source>
				<joints>
					<input semantic="JOINT" source="#polygon2_Joints" />
					<input semantic="INV_BIND_MATRIX" source="#polygon2_Matrices" />
				</joints>
				<vertex_weights count="14">
					<input semantic="JOINT" offset="0" source="#polygon2_Joints" />
					<input semantic="WEIGHT" offset="1" source="#polygon2_Weights" />
					<vcount>1 1 1 1 1 1 1 1 1 1 1 1 1 1</vcount>
					<v>5 0 5 0 5 0 5 0 5 0 5 0 5 0 5 0 5 0 5 0 5 0 5 0 5 0 5 0</v>
				</vertex_weights>
			</skin>
		</controller>
		<controller id="polygon3_Controller">
			<skin source="#polygon3">
				<bind_shape_matrix>1 0 0 0 0 1 0 0 0 0 1 0 0 0 0 1</bind_shape_matrix>
				<source id="polygon3_Joints">
					<Name_array id="polygon3_JointArr" count="26">Root Mesh Reference Hips Spine Head Shoulder1_L Shoulder2_L UpperArm_L ForeArm_L Hand_L Weapon_L Shoulder1_R Shoulder2_R UpperArm_R ForeArm_R Hand_R Weapon_R Thigh_L Calf_L Foot_L Toe_L Thigh_R Calf_R Foot_R Toe_R</Name_array>
					<technique_common>
						<accessor source="#polygon3_JointArr" count="26">
							<param name="JOINT" type="Name" />
						</accessor>
					</technique_common>
				</source>
				<source id="polygon3_Matrices">
					<float_array id="polygon3_MatArr" count="416">1 0 0 0 0 1 0 0 0 0 1 0 0 0 0 1 1 0 0 0 0 1 0 -10 0 0 1 0 0 0 0 1 1 0 0 0 0 1 0 0 0 0 1 0 0 0 0 1 1 0 0 0 0 0 -1 0 0 1 0 -10 0 0 0 1 1 0 0 0 0 0 -1 0 0 1 0 -11.4515 0 0 0 1 1 0 0 0 0 0 -1 0.4124 0 1 0 -13.7796 0 0 0 1 1 0 0 -5.2226 0 0 -1 0.0043 0 1 0 -13.4545 0 0 0 1 1 0 0 -6.5847 0 0 -1 0 0 1 0 -14.3177 0 0 0 1 1 0 0 -7.202666 0 0 -1 0 0 1 0 -13.4915 0 0 0 1 1 0 0 -7.201596 0 0 -1 0.001471 0 1 0 -9.435598 0 0 0 1 1 0 0 -7.2016 0 0 -1 0 0 1 0 -2.223299 0 0 0 1 1 0 0 -6.85 0 1 0 -4.768372E-07 0 0 1 0 0 0 0 1 1 0 0 5.2226 0 0 -1 0.0043 0 1 0 -13.4545 0 0 0 1 1 0 0 6.5847 0 0 -1 0 0 1 0 -14.3177 0 0 0 1 1 0 0 7.202667 0 0 -1 0 0 1 0 -13.4915 0 0 0 1 1 0 0 7.201596 0 0 -1 0.001471 0 1 0 -9.4356 0 0 0 1 1 0 0 7.201601 0 0 -1 0 0 1 0 -2.2233 0 0 0 1 1 0 0 6.850001 0 1 0 -4.768372E-07 0 0 1 2E-06 0 0 0 1 1 0 0 -2.288337 0 0 -1 0.069078 0 1 0 -7.7474 0 0 0 1 1 0 0 -2.288337 0 0 -1 0.0677 0 1 0 -5.2593 0 0 0 1 1 0 0 -2.2883 0 0 -1 0.0677 0 1 0 -2.6622 0 0 0 1 1 0 0 -2.2883 0 0 -1 0.0677 0 1 0 -1.9467 0 0 0 1 1 0 0 2.288337 0 0 -1 0.069078 0 1 0 -7.7474 0 0 0 1 1 0 0 2.288337 0 0 -1 0.0677 0 1 0 -5.2593 0 0 0 1 1 0 0 2.2883 0 0 -1 0.0677 0 1 0 -2.6622 0 0 0 1 1 0 0 2.2883 0 0 -1 0.0677 0 1 0 -1.9467 0 0 0 1</float_array>
					<technique_common>
						<accessor source="#polygon3_MatArr" count="26" stride="16">
							<param type="float4x4" />
						</accessor>
					</technique_common>
				</source>
				<source id="polygon3_Weights">
					<float_array id="polygon3_WeightArr" count="1">1</float_array>
					<technique_common>
						<accessor source="#polygon3_WeightArr" count="1">
							<param type="float" />
						</accessor>
					</technique_common>
				</source>
				<joints>
					<input semantic="JOINT" source="#polygon3_Joints" />
					<input semantic="INV_BIND_MATRIX" source="#polygon3_Matrices" />
				</joints>
				<vertex_weights count="12">
					<input semantic="JOINT" offset="0" source="#polygon3_Joints" />
					<input semantic="WEIGHT" offset="1" source="#polygon3_Weights" />
					<vcount>1 1 1 1 1 1 1 1 1 1 1 1</vcount>
					<v>5 0 5 0 5 0 5 0 5 0 5 0 5 0 5 0 5 0 5 0 5 0 5 0</v>
				</vertex_weights>
			</skin>
		</controller>
	</library_controllers>
	<library_visual_scenes>
		<visual_scene id="RootNode" name="RootNode">
			<node id="Root" name="Root" sid="Root" type="JOINT">
				<node id="Mesh" name="Mesh" sid="Mesh" type="JOINT">
					<translate>0 10 0</translate>
				</node>
				<node id="Reference" name="Reference" sid="Reference" type="JOINT">
					<node id="Hips" name="Hips" sid="Hips" type="JOINT">
						<translate>0 10 0</translate>
						<rotate>1 0 0 -90</rotate>
						<node id="Spine" name="Spine" sid="Spine" type="JOINT">
							<translate>0 0 1.4515</translate>
							<node id="Head" name="Head" sid="Head" type="JOINT">
								<translate>0 -0.4124 2.3281</translate>
							</node>
							<node id="Shoulder1_L" name="Shoulder1_L" sid="Shoulder1_L" type="JOINT">
								<translate>5.2226 -0.0043 2.003</translate>
								<node id="Shoulder2_L" name="Shoulder2_L" sid="Shoulder2_L" type="JOINT">
									<translate>1.3621 0.0043 0.863199</translate>
									<node id="UpperArm_L" name="UpperArm_L" sid="UpperArm_L" type="JOINT">
										<translate>0.617966 0 -0.8262</translate>
										<node id="ForeArm_L" name="ForeArm_L" sid="ForeArm_L" type="JOINT">
											<translate>-0.00107 -0.001471 -4.055901</translate>
											<node id="Hand_L" name="Hand_L" sid="Hand_L" type="JOINT">
												<translate>4E-06 0.001471 -7.2123</translate>
												<node id="Weapon_L" name="Weapon_L" sid="Weapon_L" type="JOINT">
													<translate>-0.3516 0 -2.223298</translate>
													<rotate>1 0 0 90</rotate>
												</node>
											</node>
										</node>
									</node>
								</node>
							</node>
							<node id="Shoulder1_R" name="Shoulder1_R" sid="Shoulder1_R" type="JOINT">
								<translate>-5.2226 -0.0043 2.003</translate>
								<node id="Shoulder2_R" name="Shoulder2_R" sid="Shoulder2_R" type="JOINT">
									<translate>-1.3621 0.0043 0.863199</translate>
									<node id="UpperArm_R" name="UpperArm_R" sid="UpperArm_R" type="JOINT">
										<translate>-0.617967 0 -0.8262</translate>
										<node id="ForeArm_R" name="ForeArm_R" sid="ForeArm_R" type="JOINT">
											<translate>0.001071 -0.001471 -4.055899</translate>
											<node id="Hand_R" name="Hand_R" sid="Hand_R" type="JOINT">
												<translate>-5E-06 0.001471 -7.2123</translate>
												<node id="Weapon_R" name="Weapon_R" sid="Weapon_R" type="JOINT">
													<translate>0.3516 2E-06 -2.2233</translate>
													<rotate>1 0 0 90</rotate>
												</node>
											</node>
										</node>
									</node>
								</node>
							</node>
						</node>
						<node id="Thigh_L" name="Thigh_L" sid="Thigh_L" type="JOINT">
							<translate>2.288337 -0.069078 -2.2526</translate>
							<node id="Calf_L" name="Calf_L" sid="Calf_L" type="JOINT">
								<translate>0 0.001378 -2.4881</translate>
								<node id="Foot_L" name="Foot_L" sid="Foot_L" type="JOINT">
									<translate>-3.7E-05 0 -2.5971</translate>
									<node id="Toe_L" name="Toe_L" sid="Toe_L" type="JOINT">
										<translate>0 0 -0.7155</translate>
									</node>
								</node>
							</node>
						</node>
						<node id="Thigh_R" name="Thigh_R" sid="Thigh_R" type="JOINT">
							<translate>-2.288337 -0.069078 -2.2526</translate>
							<node id="Calf_R" name="Calf_R" sid="Calf_R" type="JOINT">
								<translate>0 0.001378 -2.4881</translate>
								<node id="Foot_R" name="Foot_R" sid="Foot_R" type="JOINT">
									<translate>3.7E-05 0 -2.5971</translate>
									<node id="Toe_R" name="Toe_R" sid="Toe_R" type="JOINT">
										<translate>0 0 -0.7155</translate>
									</node>
								</node>
							</node>
						</node>
					</node>
				</node>
			</node>
			<node id="polygon0" name="polygon0" type="NODE">
				<instance_controller url="#polygon0_Controller">
					<skeleton>#Root</skeleton>
					<bind_material>
						<technique_common>
							<instance_material symbol="enm_pawn_elv_body__enMetal__" target="#enm_pawn_elv_body__enMetal__">
								<bind_vertex_input semantic="TEXCOORD0" input_semantic="TEXCOORD" input_set="0" />
								<bind_vertex_input semantic="TEXCOORD0" input_semantic="TEXCOORD" input_set="0" />
								<bind_vertex_input semantic="TEXCOORD0" input_semantic="TEXCOORD" input_set="0" />
								<bind_vertex_input semantic="TEXCOORD1" input_semantic="TEXCOORD" input_set="1" />
							</instance_material>
						</technique_common>
					</bind_material>
				</instance_controller>
			</node>
			<node id="polygon1" name="polygon1" type="NODE">
				<instance_controller url="#polygon1_Controller">
					<skeleton>#Root</skeleton>
					<bind_material>
						<technique_common>
							<instance_material symbol="enm_porn_head__enMetal__" target="#enm_porn_head__enMetal__">
								<bind_vertex_input semantic="TEXCOORD0" input_semantic="TEXCOORD" input_set="0" />
								<bind_vertex_input semantic="TEXCOORD0" input_semantic="TEXCOORD" input_set="0" />
								<bind_vertex_input semantic="TEXCOORD0" input_semantic="TEXCOORD" input_set="0" />
								<bind_vertex_input semantic="TEXCOORD1" input_semantic="TEXCOORD" input_set="1" />
							</instance_material>
						</technique_common>
					</bind_material>
				</instance_controller>
			</node>
			<node id="polygon2" name="polygon2" type="NODE">
				<instance_controller url="#polygon2_Controller">
					<skeleton>#Root</skeleton>
					<bind_material>
						<technique_common>
							<instance_material symbol="enm_porn_head__enLuminouseO__" target="#enm_porn_head__enLuminouseO__">
								<bind_vertex_input semantic="TEXCOORD0" input_semantic="TEXCOORD" input_set="0" />
								<bind_vertex_input semantic="TEXCOORD1" input_semantic="TEXCOORD" input_set="1" />
								<bind_vertex_input semantic="TEXCOORD2" input_semantic="TEXCOORD" input_set="2" />
								<bind_vertex_input semantic="TEXCOORD3" input_semantic="TEXCOORD" input_set="3" />
							</instance_material>
						</technique_common>
					</bind_material>
				</instance_controller>
			</node>
			<node id="polygon3" name="polygon3" type="NODE">
				<instance_controller url="#polygon3_Controller">
					<skeleton>#Root</skeleton>
					<bind_material>
						<technique_common>
							<instance_material symbol="enm_porn_eye__enAdd__" target="#enm_porn_eye__enAdd__">
								<bind_vertex_input semantic="TEXCOORD0" input_semantic="TEXCOORD" input_set="0" />
							</instance_material>
						</technique_common>
					</bind_material>
				</instance_controller>
			</node>
		</visual_scene>
	</library_visual_scenes>
	<scene>
		<instance_visual_scene url="#RootNode" />
	</scene>
</COLLADA>